# ************************************************************
# Sequel Ace SQL dump
# Version 20046
#
# https://sequel-ace.com/
# https://github.com/Sequel-Ace/Sequel-Ace
#
# Host: 0.0.0.0 (MySQL 8.0.33)
# Database: vme
# Generation Time: 2023-04-28 12:56:08 +0000
# ************************************************************


/*!40101 SET @OLD_CHARACTER_SET_CLIENT=@@CHARACTER_SET_CLIENT */;
/*!40101 SET @OLD_CHARACTER_SET_RESULTS=@@CHARACTER_SET_RESULTS */;
/*!40101 SET @OLD_COLLATION_CONNECTION=@@COLLATION_CONNECTION */;
SET NAMES utf8mb4;
/*!40014 SET @OLD_FOREIGN_KEY_CHECKS=@@FOREIGN_KEY_CHECKS, FOREIGN_KEY_CHECKS=0 */;
/*!40101 SET @OLD_SQL_MODE='NO_AUTO_VALUE_ON_ZERO', SQL_MODE='NO_AUTO_VALUE_ON_ZERO' */;
/*!40111 SET @OLD_SQL_NOTES=@@SQL_NOTES, SQL_NOTES=0 */;


# Dump of table orders
# ------------------------------------------------------------

DROP TABLE IF EXISTS `orders`;

CREATE TABLE `orders` (
  `id` int NOT NULL AUTO_INCREMENT,
  `status` enum('new','pending','processing','completed') CHARACTER SET utf8mb4 COLLATE utf8mb4_0900_ai_ci NOT NULL DEFAULT 'pending',
  `sum` float(7,2) unsigned NOT NULL,
  `created_at` datetime NOT NULL,
  `updated_at` datetime NOT NULL,
  PRIMARY KEY (`id`)
) ENGINE=InnoDB DEFAULT CHARSET=utf8mb4 COLLATE=utf8mb4_0900_ai_ci;

LOCK TABLES `orders` WRITE;
/*!40000 ALTER TABLE `orders` DISABLE KEYS */;

INSERT INTO `orders` (`id`, `status`, `sum`, `created_at`, `updated_at`)
VALUES
	(19,'new',0.00,'2023-04-28 12:26:31','2023-04-28 12:26:31'),
	(20,'new',0.00,'2023-04-28 12:27:06','2023-04-28 12:27:06'),
	(21,'new',0.00,'2023-04-28 12:37:18','2023-04-28 12:37:18'),
	(22,'new',20.31,'2023-04-28 12:42:00','2023-04-28 12:42:00'),
	(23,'new',20.31,'2023-04-28 12:42:37','2023-04-28 12:42:37'),
	(24,'new',18.73,'2023-04-28 12:42:56','2023-04-28 12:42:56'),
	(25,'new',15.46,'2023-04-28 12:53:11','2023-04-28 12:53:11');

/*!40000 ALTER TABLE `orders` ENABLE KEYS */;
UNLOCK TABLES;


# Dump of table orders_items
# ------------------------------------------------------------

DROP TABLE IF EXISTS `orders_items`;

CREATE TABLE `orders_items` (
  `id` int NOT NULL AUTO_INCREMENT,
  `order_id` int NOT NULL,
  `product_id` int unsigned NOT NULL,
  `quantity` int NOT NULL,
  PRIMARY KEY (`id`),
  KEY `order_id` (`order_id`),
  KEY `product_id` (`product_id`),
  CONSTRAINT `orders_items_ibfk_1` FOREIGN KEY (`order_id`) REFERENCES `orders` (`id`) ON DELETE CASCADE,
  CONSTRAINT `orders_items_ibfk_2` FOREIGN KEY (`product_id`) REFERENCES `products` (`id`) ON DELETE CASCADE
) ENGINE=InnoDB DEFAULT CHARSET=utf8mb4 COLLATE=utf8mb4_0900_ai_ci;

LOCK TABLES `orders_items` WRITE;
/*!40000 ALTER TABLE `orders_items` DISABLE KEYS */;

INSERT INTO `orders_items` (`id`, `order_id`, `product_id`, `quantity`)
VALUES
	(29,19,4,1),
	(30,19,5,1),
	(31,20,20,2),
	(32,20,12,1),
	(33,21,20,2),
	(34,21,12,1),
	(35,22,20,2),
	(36,22,12,1),
	(37,23,20,2),
	(38,23,12,1),
	(39,24,4,1),
	(40,24,5,1),
	(41,25,4,1),
	(42,25,3,1);

/*!40000 ALTER TABLE `orders_items` ENABLE KEYS */;
UNLOCK TABLES;


# Dump of table products
# ------------------------------------------------------------

DROP TABLE IF EXISTS `products`;

CREATE TABLE `products` (
  `id` int unsigned NOT NULL AUTO_INCREMENT,
  `name` varchar(250) CHARACTER SET utf8mb4 COLLATE utf8mb4_0900_ai_ci NOT NULL,
  `barcode` varchar(100) DEFAULT NULL,
  `brand` varchar(100) DEFAULT NULL,
  `price` float(10,2) NOT NULL DEFAULT '0.00',
  `image_url` varchar(255) DEFAULT NULL,
  `date_added` datetime DEFAULT NULL,
  PRIMARY KEY (`id`)
) ENGINE=InnoDB DEFAULT CHARSET=utf8mb4 COLLATE=utf8mb4_0900_ai_ci;

LOCK TABLES `products` WRITE;
/*!40000 ALTER TABLE `products` DISABLE KEYS */;

INSERT INTO `products` (`id`, `name`, `barcode`, `brand`, `price`, `image_url`, `date_added`)
VALUES
	(2,'Rainbow Cookies 225g','25040227','Rainbow',3.94,'https://s3.eu-west-1.amazonaws.com/product-data.vme.co/products/images/13da3160-81fc-4efd-becc-1de05601a5b4.jpg','2021-02-23 17:50:02'),
	(3,'Babybel Mini Natural Cheese 20g','30116269','Babybel',6.62,'https://s3.eu-west-1.amazonaws.com/product-data.vme.co/products/images/4069242e-3166-4e80-8384-ffce66d945ca.jpg','2021-02-22 17:50:28'),
	(4,'Hubba Bubba Atomic Apple Bubble Gum 5 Chunky Chews','40099330','Hubba Bubba',8.84,'https://s3.eu-west-1.amazonaws.com/product-data.vme.co/products/images/cf18a293-d58e-477f-9838-141b0599255a.jpg','2021-02-22 17:58:15'),
	(5,'Extra Peppermint Chewing Gum Sugar Free 10 Pieces','40099361','Extra',9.89,'https://s3.eu-west-1.amazonaws.com/product-data.vme.co/products/images/736c5a90-9bc1-46d0-a680-56f9e0a113ed.jpg','2021-02-22 18:05:09'),
	(6,'Bounty Coconut Dark Chocolate Duo Bar 57g','40111001','Bounty',6.76,'https://s3.eu-west-1.amazonaws.com/product-data.vme.co/products/images/1da223d6-02af-4cdd-b622-d9b6a78f2697.jpg','2021-02-22 17:59:24'),
	(7,'Werther\'s Original Butter Candies 50g','40144016','Werther\'s Original',1.78,'https://s3.eu-west-1.amazonaws.com/product-data.vme.co/products/images/1d4e174a-ef9a-48ad-aeab-6f0c02556e10.jpg','2021-02-22 17:55:57'),
	(8,'Knoppers Crispy Milk-Hazelnut Wafer 25g','0000040144382','Knoppers',3.90,'https://s3.eu-west-1.amazonaws.com/product-data.vme.co/products/images/06e34d2e-d15a-46c0-b162-181395627b5c.jpg','2021-02-22 17:57:03'),
	(9,'Black Tower Fruity White 75cl','40696164','Black Tower',6.63,'https://s3.eu-west-1.amazonaws.com/product-data.vme.co/products/images/45917f96-6db2-4254-a4ab-4da269833ddf.jpg','2021-02-22 17:58:31'),
	(10,'Black Tower Rosé 75cl','40696874','Black Tower',7.97,'https://s3.eu-west-1.amazonaws.com/product-data.vme.co/products/images/c3544b07-1bff-473e-a1c6-ea6cf42a917a.jpg','2021-02-22 17:58:30'),
	(11,'Extra Cool Breeze Chewing Gum Sugar Free 10 pieces','42070719','Extra',2.38,'https://s3.eu-west-1.amazonaws.com/product-data.vme.co/products/images/a6c5f3fb-ec3a-4da3-a6a2-07d5c74e18c2.jpg','2021-02-22 18:05:09'),
	(12,'Extra Bubblegum Chewing Gum Sugar Free 14 Sticks','42124498','Extra',5.85,'https://s3.eu-west-1.amazonaws.com/product-data.vme.co/products/images/8c02230d-8f4f-42db-9965-138fd20f3c41.jpg','2021-02-22 17:58:10'),
	(13,'Extra Spearmint Chewing Gum Sugar Free 14 Soft Sticks','42174318','Extra',1.83,'https://s3.eu-west-1.amazonaws.com/product-data.vme.co/products/images/9b62746d-7c98-4faf-b9ac-4b6837baf446.jpg','2021-02-22 17:58:10'),
	(14,'Vaseline  Original Petroleum Jelly 50ml','42182627','Vaseline',5.59,'https://s3.eu-west-1.amazonaws.com/product-data.vme.co/products/images/7b86eca2-3e31-4d92-bbc3-e46891aeb1e9.jpg','2021-02-22 18:05:35'),
	(15,'Extra Ice Peppermint Chewing Gum Sugar Free 10 Pieces','42211464','Extra',5.69,'https://s3.eu-west-1.amazonaws.com/product-data.vme.co/products/images/39c0a183-1ead-4242-be05-296a063d4b56.jpg','2021-02-22 17:58:11'),
	(16,'Extra White Chewing Gum Sugar Free 10 Pieces','42211471','Extra',7.25,'https://s3.eu-west-1.amazonaws.com/product-data.vme.co/products/images/4957265f-c7e6-4052-a098-5d4d296872d7.jpg','2021-02-22 17:58:15'),
	(17,'Hubba Bubba Original Bubblegum 5 Chunky Chews','42212003','Hubba Bubba',8.74,'https://s3.eu-west-1.amazonaws.com/product-data.vme.co/products/images/311c15c6-50ab-4429-825f-19668ab43ae1.jpg','2021-02-22 17:58:16'),
	(18,'Hubba Bubba Seriously Strawberry Bubblegum 5 Chunky Chews','42212010','Hubba Bubba',4.56,'https://s3.eu-west-1.amazonaws.com/product-data.vme.co/products/images/2ff11db3-5776-4dd4-8c36-f85b3e2280ae.jpg','2021-02-22 17:58:15'),
	(19,'Extra White Bubblemint Chewing Gum Sugar Free 10 Pieces','42247340','Extra',4.77,'https://s3.eu-west-1.amazonaws.com/product-data.vme.co/products/images/0e7745d2-440b-46d1-ae81-eebbba6e58ee.jpg','2021-02-22 17:58:15'),
	(20,'Muller Light Lemon Greek Style Big Pot Yogurt 450g','0000042356165','Muller',7.23,'https://s3.eu-west-1.amazonaws.com/product-data.vme.co/products/images/60a05922-9eca-4dec-9240-25838e6f9366.jpg','2021-02-22 17:52:31'),
	(21,'Muller Light Coconut with Vanilla Greek Style Big Pot Yogurt 450g','0000042356172','Muller',6.66,'https://s3.eu-west-1.amazonaws.com/product-data.vme.co/products/images/d4cd04fa-888c-4022-b2ee-3a9f5eedaf4b.jpg','2021-02-22 17:52:31'),
	(22,'Rizla Regular Silver 50s','0000050008667','Rizla',2.58,'https://s3.eu-west-1.amazonaws.com/product-data.vme.co/products/images/e97a64e8-7100-47bd-81b6-beed1f3bd1f5.jpg','2021-02-22 17:54:40'),
	(23,'Schwartz Basil 10g Jar','50019762','Schwartz',3.44,'https://s3.eu-west-1.amazonaws.com/product-data.vme.co/products/images/9fbe855a-e9c3-4db9-9440-0cdfaad17ad7.jpg','2021-02-22 18:01:55'),
	(24,'Schwartz Coriander Leaf 7g','50019786','Schwartz',8.15,'https://s3.eu-west-1.amazonaws.com/product-data.vme.co/products/images/8637934d-a4ff-4729-959d-af448a020895.jpg','2021-02-22 18:01:55'),
	(25,'Schwartz Dill 10g','50019793','Schwartz',3.26,'https://s3.eu-west-1.amazonaws.com/product-data.vme.co/products/images/f1c1a344-d3b4-45e6-aecf-cab729ac3c66.jpg','2021-02-22 18:01:55'),
	(26,'Schwartz Italian Herb Seasoning 11g Jar','50019816','Schwartz',9.25,'https://s3.eu-west-1.amazonaws.com/product-data.vme.co/products/images/92daafbe-2e13-4a0a-8916-88a57064eb4e.jpg','2021-02-22 18:02:29'),
	(27,'Schwartz Rosemary 18g','50019878','Schwartz ',6.51,'https://s3.eu-west-1.amazonaws.com/product-data.vme.co/products/images/789c9334-ef30-4f2e-a843-0abd3b6feeb1.jpg','2021-02-22 18:01:55'),
	(28,'Schwartz Thyme 11g','50019908','Schwartz',7.86,'https://s3.eu-west-1.amazonaws.com/product-data.vme.co/products/images/0f3aaddf-912a-43f8-b2f8-e6972073b18c.jpg','2021-02-22 18:01:55'),
	(29,'Schwartz Mixed Spice 28g','50020140','Schwartz',1.86,'https://s3.eu-west-1.amazonaws.com/product-data.vme.co/products/images/15152fab-d370-49ba-a09a-9173c234e37c.jpg','2021-02-22 18:01:54'),
	(30,'Schwartz Mild Coarse Ground Black Pepper 33g','50020324','Schwartz',6.34,'https://s3.eu-west-1.amazonaws.com/product-data.vme.co/products/images/d7772b9e-8396-42eb-8cf4-b8e212a1f811.jpg','2021-02-22 18:02:30'),
	(31,'Whiskas Kitten Cat Milk Bottle 200ml','50045426','Whiskas',9.46,'https://s3.eu-west-1.amazonaws.com/product-data.vme.co/products/images/934faf45-7cc7-4687-ba50-d75315ba7325.jpg','2021-02-22 18:05:00'),
	(32,'Dove Original Anti-perspirant Deodorant Roll-On 50 ml','50096190','Dove',3.69,'https://s3.eu-west-1.amazonaws.com/product-data.vme.co/products/images/048cee8c-3e9a-4389-b836-867daa0cc3c5.jpg','2021-02-22 17:52:06'),
	(33,'Dove Invisible Dry Anti-perspirant Deodorant Roll-On 50 ml','50096206','Dove',8.74,'https://s3.eu-west-1.amazonaws.com/product-data.vme.co/products/images/64ad6f92-9ea0-4a40-b5ce-6aa4de257fcd.jpg','2021-02-22 18:05:38'),
	(34,'Sure Women Cool Blue Anti-perspirant Deodorant Roll-On 50ml','00000050096350','Sure',5.88,'https://s3.eu-west-1.amazonaws.com/product-data.vme.co/products/images/37747303-09de-48cb-81d4-ecfa4705f988.jpg','2021-02-22 18:02:36'),
	(35,'Sure Cotton Dry Anti-perspirant Deodorant Roll-On 50 ml','50096367','Sure',2.41,'https://s3.eu-west-1.amazonaws.com/product-data.vme.co/products/images/bbf94c04-4722-4cfc-9445-108696879671.jpg','2021-02-22 18:05:19'),
	(36,'Dove Cucumber & Green Tea Anti-perspirant Deodorant Roll-On 50 ml','50096381','Dove',5.56,'https://s3.eu-west-1.amazonaws.com/product-data.vme.co/products/images/5d52f491-81d7-4b14-888d-fcca22f550d3.jpg','2021-02-22 18:01:40'),
	(37,'Sure Original Dry Anti-perspirant Deodorant Roll On 50ml','50096701','Sure',6.20,'https://s3.eu-west-1.amazonaws.com/product-data.vme.co/products/images/5e604baa-691d-4aaa-97a5-24443b5a6813.jpg','2021-02-22 18:05:35'),
	(38,'Sure Sensitive Anti-perspirant Roll On 50 ml','50096725','Sure',6.28,'https://s3.eu-west-1.amazonaws.com/product-data.vme.co/products/images/e5b44d7d-c67a-48ba-84fc-1a6a16d58232.jpg','2021-02-22 18:01:10'),
	(39,'Shippam\'s Classic Salmon Spread 75g','50102747','Shippam\'s',3.63,'https://s3.eu-west-1.amazonaws.com/product-data.vme.co/products/images/f1670515-9b0e-42d2-a576-d3166cd2d768.jpg','2021-02-22 17:50:26'),
	(40,'Borwick\'s Bicarbonate of Soda 100g','50115105','Borwick\'s',5.17,'https://s3.eu-west-1.amazonaws.com/product-data.vme.co/products/images/1f8474c9-f0fd-4a0d-9f3d-bc48dd448101.jpg','2020-10-06 15:56:13'),
	(41,'Borwick\'s Baking Powder 100g','50115204','Borwick\'s',1.31,'https://s3.eu-west-1.amazonaws.com/product-data.vme.co/products/images/c8bff133-a29e-4454-9cd8-9674b89261eb.jpg','2020-10-06 15:56:13'),
	(42,'Hartley\'s No Added Sugar Jelly Raspberry Flavour 115g','50126019','Hartley\'s',1.97,'https://s3.eu-west-1.amazonaws.com/product-data.vme.co/products/images/1053f9b7-9473-4783-bf1e-2b74b1695be3.jpg','2021-02-22 17:50:51'),
	(43,'Hartley\'s Jelly Raspberry Flavour 125g','50126033','Hartley\'s',5.01,'https://s3.eu-west-1.amazonaws.com/product-data.vme.co/products/images/4512be23-c224-4efb-8cf6-6e9a75392393.jpg','2021-02-22 17:50:48'),
	(44,'Hartley\'s Jelly Blackcurrant Flavour 125g','50126040','Hartley\'s',7.12,'https://s3.eu-west-1.amazonaws.com/product-data.vme.co/products/images/d520150f-bed5-43fa-8774-14486905f66c.jpg','2021-02-22 17:50:51'),
	(45,'Hartley\'s Jelly Orange Flavour 125g','50126057','Hartley\'s',7.49,'https://s3.eu-west-1.amazonaws.com/product-data.vme.co/products/images/cd383762-a605-418d-82ea-4b01167d405a.jpg','2021-02-22 18:00:26'),
	(46,'Hartley\'s Jelly Strawberry Flavour 125g','50126064','Hartley\'s',4.28,'https://s3.eu-west-1.amazonaws.com/product-data.vme.co/products/images/0f0c46cb-96b4-4204-a0ad-172974471756.jpg','2021-02-22 17:56:12'),
	(47,'Hartley\'s No Added Sugar Jelly Strawberry Flavour 115g','50126071','Hartley\'s',6.37,'https://s3.eu-west-1.amazonaws.com/product-data.vme.co/products/images/692374f0-413c-479b-86cc-e570dbfb01a3.jpg','2021-02-22 17:50:52'),
	(48,'Kellogg\'s Fruit \'n Fibre Cereal 500g','50127504','Kellogg\'s',7.23,'https://s3.eu-west-1.amazonaws.com/product-data.vme.co/products/images/422067b0-c2e4-474b-8168-6a6b1ed9275a.jpg','2021-02-22 17:52:54'),
	(49,'Co-op British Goats Cheese 65g','50128310','Co-op',7.79,'https://s3.eu-west-1.amazonaws.com/product-data.vme.co/products/images/f899a1af-c7b1-4d51-9570-43e5eb3b5390.jpg','2021-02-22 17:55:20'),
	(50,'The Co-operative Loved by Us Ground Black Pepper 25g','50128587','Co-op',2.78,'https://s3.eu-west-1.amazonaws.com/product-data.vme.co/products/images/22ecb611-8966-4b8c-be50-d75151b1dbe5.jpg','2021-02-22 17:53:03'),
	(51,'Co Op Mango','50128839','Co Op',5.29,'https://s3.eu-west-1.amazonaws.com/product-data.vme.co/products/images/d0fa6a31-51f5-47d9-bc85-aa268d89778f.jpg','2021-02-22 17:52:33'),
	(52,'Co-op Greek Feta Cheese 200g','50128846','Co-op',8.54,'https://s3.eu-west-1.amazonaws.com/product-data.vme.co/products/images/7104722a-5aab-4169-86eb-b4336491ccea.jpg','2021-02-22 17:52:47'),
	(53,'Co-op Yellow Melon','50129188','Co-op',7.12,'https://s3.eu-west-1.amazonaws.com/product-data.vme.co/products/images/ddba3485-0065-411f-8b8e-ae20f12445dd.jpg','2021-02-22 18:01:44'),
	(54,'Co-op Austrian Smoked Cheese 100g','50129331','Co-op',8.70,'https://s3.eu-west-1.amazonaws.com/product-data.vme.co/products/images/18f1de03-c8e0-43b6-8169-a64f9dea5acb.jpg','2021-02-22 17:55:22'),
	(55,'Co-op Strawberry Cheesecakes 2 x 100g (200g)','50129638','Co-op',5.46,'https://s3.eu-west-1.amazonaws.com/product-data.vme.co/products/images/1dfef454-d83b-42d9-8165-7951932bbaf3.jpg','2021-02-22 17:57:11'),
	(56,'Co-op Lemon Cheesecakes 2 x 100g (200g)','50129669','Co-op',2.39,'https://s3.eu-west-1.amazonaws.com/product-data.vme.co/products/images/be535031-8bcd-4167-84ce-69ec47721cfa.jpg','2021-02-22 17:57:11'),
	(57,'Co-op Millionaire\'s Cheesecakes 2 x 100g (200g)','50129690','Co-op',7.90,'https://s3.eu-west-1.amazonaws.com/product-data.vme.co/products/images/49e9960e-652c-485f-a1b2-cadf9835b4ef.jpg','2021-02-22 17:57:12'),
	(58,'Co-op Blackcurrant Cheesecakes 2 x 100g (200g)','0000050129713','Co-op',3.66,'https://s3.eu-west-1.amazonaws.com/product-data.vme.co/products/images/601d1c49-2f45-4f7c-8f8e-65bf54c61422.jpg','2021-02-22 17:57:46'),
	(59,'Co-op Wild Pacific Pink Salmon 105g','50129737','Co-op',2.72,'https://s3.eu-west-1.amazonaws.com/product-data.vme.co/products/images/112c6c67-0fa3-4900-9dfa-a7656802df2c.jpg','2021-02-22 17:53:06'),
	(60,'Colman\'s Original English Mustard 170 g','50147588','Colman\'s',1.07,'https://s3.eu-west-1.amazonaws.com/product-data.vme.co/products/images/ec8842bb-4a74-4f69-8124-952ce0552b22.jpg','2021-02-22 17:59:12'),
	(61,'Heinz Salad Cream Original 285g','0000050157228','Heinz',1.06,'https://s3.eu-west-1.amazonaws.com/product-data.vme.co/products/images/a8efaadc-2b0f-4030-8bb5-1899d184ed44.jpg','2021-02-22 18:04:11'),
	(62,'Heinz American Style Burger Sauce 230g','50157471','Heinz',9.11,'https://s3.eu-west-1.amazonaws.com/product-data.vme.co/products/images/ec0370cd-95dc-4eae-9b02-874d9824a7bc.jpg','2021-02-22 17:56:59'),
	(63,'Heinz Mild Yellow Mustard 240g','50157495','Heinz',1.72,'https://s3.eu-west-1.amazonaws.com/product-data.vme.co/products/images/c07c4f43-2678-4d67-a10c-b1b88c90c017.jpg','2021-02-22 17:58:10'),
	(64,'Heinz Tomato Ketchup 342g','50157655','Heinz',8.80,'https://s3.eu-west-1.amazonaws.com/product-data.vme.co/products/images/e26c5179-60d1-4eb8-bf44-fa5c5cf85b61.jpg','2021-02-22 17:57:04'),
	(65,'Lockets Honey & Lemon Cough Sweet Lozenges 41g','50159086','Lockets',1.35,'https://s3.eu-west-1.amazonaws.com/product-data.vme.co/products/images/f39f6ef2-b854-46d1-b4f6-6a78d409ac60.jpg','2021-02-22 17:58:59'),
	(66,'Robertsons Golden Shred 454g','0000050172511','Robertsons',5.15,'https://s3.eu-west-1.amazonaws.com/product-data.vme.co/products/images/ed36833a-58b0-44cc-9e9e-4731f3842963.jpg','2021-02-22 17:50:20'),
	(67,'Airwaves Menthol & Eucalyptus Sugar Free Chewing Gum 10 Pieces','50173167','Airwaves',2.81,'https://s3.eu-west-1.amazonaws.com/product-data.vme.co/products/images/9da7aa4e-b02d-448b-a886-24c11151320b.jpg','2021-02-22 17:58:15'),
	(68,'Extra Spearmint Chewing Gum Sugar Free 10 Pieces','50173686','Extra',7.46,'https://s3.eu-west-1.amazonaws.com/product-data.vme.co/products/images/cbcd0483-574b-49a8-bf41-c40153c58739.jpg','2021-02-22 17:58:15'),
	(69,'Hartley\'s Olde English Thick Cut Marmalade 454g','50183319','Hartley\'s',5.14,'https://s3.eu-west-1.amazonaws.com/product-data.vme.co/products/images/1261d5a5-a979-41a0-b567-2376ed2e2b6e.jpg','2021-02-22 17:50:05'),
	(70,'Rose\'s Lemon & Lime Fine Cut Marmalade 454g','0000050183364','Rose\'s',9.13,'https://s3.eu-west-1.amazonaws.com/product-data.vme.co/products/images/1d72ab95-6695-461f-898b-54ab885aac97.jpg','2021-02-22 17:52:20'),
	(71,'Hartley\'s Breakfast Medium Cut Marmalade 454g','50183791','Hartley\'s',1.29,'https://s3.eu-west-1.amazonaws.com/product-data.vme.co/products/images/cee20380-cca3-49f7-a47c-881137ee1252.jpg','2021-02-22 17:50:09'),
	(72,'Marmite  Spread Yeast Extract 125g','00000050184385','Marmite',5.84,'https://s3.eu-west-1.amazonaws.com/product-data.vme.co/products/images/d7f62762-bd59-4734-93ae-2b635c13f494.jpg','2021-02-22 17:51:36'),
	(73,'Bovril Extract Beef and Yeast 250 g','50184439','Bovril',2.60,'https://s3.eu-west-1.amazonaws.com/product-data.vme.co/products/images/296bf907-aeec-4eb9-887c-6867c8560991.jpg','2021-02-22 18:00:20'),
	(74,'Marmite Spread Yeast Extract 250 g','50184453','Marmite',7.35,'https://s3.eu-west-1.amazonaws.com/product-data.vme.co/products/images/e0409db1-137a-4f34-b1f8-053361287c58.jpg','2021-02-22 18:01:09'),
	(75,'Polo Fruits Sweets Tube 37g','50189137','Polo',1.29,'https://s3.eu-west-1.amazonaws.com/product-data.vme.co/products/images/d9879e5c-72f8-44ad-a4fd-bad8b7b5363c.jpg','2021-02-22 17:53:28'),
	(76,'Polo Original Mint Tube 34g','50189779','Polo',9.01,'https://s3.eu-west-1.amazonaws.com/product-data.vme.co/products/images/b5cb5f44-0cd4-428b-9bad-beb712225575.jpg','2021-02-22 18:03:49'),
	(77,'Schwartz Parsley Flat Leaf 3g','50191697','Schwartz ',9.01,'https://s3.eu-west-1.amazonaws.com/product-data.vme.co/products/images/d4048445-7bc7-4950-bcef-ef80ad27ce98.jpg','2021-02-22 18:01:55'),
	(78,'Cadbury Creme Egg Single 40g','50201600','Cadbury',9.33,'https://s3.eu-west-1.amazonaws.com/product-data.vme.co/products/images/d6d40a19-6f9f-489e-9abd-c177402402e8.jpg','2021-02-22 17:56:09'),
	(79,'Brillo Multi-Use Soap Pads 5 Pads','0000050204564','Brillo',3.05,'https://s3.eu-west-1.amazonaws.com/product-data.vme.co/products/images/da62495e-29c3-4d3f-be07-d8f652be81d2.jpg','2021-02-22 17:58:39'),
	(80,'Glade Solid Gel Lavender Air Freshener 150g','0000050204649','Glade',1.80,'https://s3.eu-west-1.amazonaws.com/product-data.vme.co/products/images/237fd84b-2260-4393-b75b-b2eb5bc3e83c.jpg','2021-02-22 17:54:59'),
	(81,'Glade Solid Gel Lily of the Valley Air Freshener 150g','0000050204977','Glade',1.58,'https://s3.eu-west-1.amazonaws.com/product-data.vme.co/products/images/84ad1a87-fe59-4f6c-b00d-ea21cc4fe916.jpg','2021-02-22 17:55:00'),
	(82,'Schwartz Tarragon 5g','50225859','Schwartz',5.92,'https://s3.eu-west-1.amazonaws.com/product-data.vme.co/products/images/36590562-a4cc-4bc6-8a69-8d73d8da9aae.jpg','2021-02-22 18:02:55'),
	(83,'Cook\'s Matches The Original Kitchen Safety Matches','50226214','Cook\'s Matches',7.93,'https://s3.eu-west-1.amazonaws.com/product-data.vme.co/products/images/97ae5ca3-c57c-4c88-a14e-1d24f0fe7386.jpg','2021-02-22 17:52:09'),
	(84,'Bryant & May Extra Long Matches','50226320','Bryant & May',2.13,'https://s3.eu-west-1.amazonaws.com/product-data.vme.co/products/images/62a35072-95ad-493f-b1a6-f740d8ba0670.jpg','2021-02-22 17:52:10'),
	(85,'Ship Safety Matches','50226467','Ship',8.91,'https://s3.eu-west-1.amazonaws.com/product-data.vme.co/products/images/ef78eca7-cf2c-4c89-b9a2-2d1004822bc2.jpg','2021-02-22 17:52:14'),
	(86,'Swan Menthol Extra Slim 120 Pre Cut Filter Tips','50226856','Swan',6.88,'https://s3.eu-west-1.amazonaws.com/product-data.vme.co/products/images/011b090b-4811-45a5-8aaf-eacd71d6d871.jpg','2021-02-22 17:49:58'),
	(87,'Swan Extra Slim 120 Pre Cut Filter Tips','50226894','Swan',8.14,'https://s3.eu-west-1.amazonaws.com/product-data.vme.co/products/images/407804da-2cb6-4ce1-80a5-cdf1994740fb.jpg','2021-02-22 17:49:58'),
	(88,'Swan Universal Gas Lighter Refill 200ml','50226900','Swan',5.14,'https://s3.eu-west-1.amazonaws.com/product-data.vme.co/products/images/aa3df1c9-9e24-47a9-ae01-200584b8b950.jpg','2021-02-22 17:49:58'),
	(89,'Swan Lighter Fluid Extra Refined 100ml','50226924','Swan',7.42,'https://s3.eu-west-1.amazonaws.com/product-data.vme.co/products/images/63718814-9f10-49f8-8107-de98c595cce1.jpg','2021-02-22 17:49:58'),
	(90,'Swan Slim Filter Tips x 165','50226962','Swan',3.30,'https://s3.eu-west-1.amazonaws.com/product-data.vme.co/products/images/8a9a7919-786c-4739-82ff-64616ccbd3e6.jpg','2021-02-22 17:49:59'),
	(91,'KP Dry Roasted Peanuts 50g','50237739','KP',4.99,'https://s3.eu-west-1.amazonaws.com/product-data.vme.co/products/images/18962cc5-e404-4c43-986a-348ea5b6a6da.jpg','2021-02-22 17:55:26'),
	(92,'Pork Farms Original Pork Pie 140g','50242047','Pork Farms',5.48,'https://s3.eu-west-1.amazonaws.com/product-data.vme.co/products/images/3fb568c5-e4f3-4da9-a5d7-b26bf945dd19.jpg','2021-02-22 17:58:17'),
	(93,'Co Op French Style Fairtrade Roast & Ground Coffee 227g','50248032','Co Op',5.66,'https://s3.eu-west-1.amazonaws.com/product-data.vme.co/products/images/c6c1086f-4fa9-41ae-98b8-ebf3fe9b8aef.jpg','2021-02-22 17:52:01'),
	(94,'Co-op Irresistible Single Origin Guatemalan Fairtrade Roast & Ground Coffee 227g','50248278','Co-op',8.97,'https://s3.eu-west-1.amazonaws.com/product-data.vme.co/products/images/81fdad7b-2409-422d-9947-0b6d1f27b4e3.jpg','2021-02-22 17:50:34'),
	(95,'Smarties Milk Chocolate Tube 38g','50249466','Smarties',7.74,'https://s3.eu-west-1.amazonaws.com/product-data.vme.co/products/images/6b245884-458d-4972-8ef2-de9cdfbff317.jpg','2021-02-22 18:00:55'),
	(96,'Polo Spearmint Mint Tube 34g','50251001','Polo',7.76,'https://s3.eu-west-1.amazonaws.com/product-data.vme.co/products/images/87cb10ec-37b1-42c2-93a9-8d699f5d222b.jpg','2021-02-22 17:53:28'),
	(97,'Polo Sugar Free Mint Tube 33.4g','50251797','Polo',5.75,'https://s3.eu-west-1.amazonaws.com/product-data.vme.co/products/images/a20edfaa-30ef-4567-81f5-a608a907bc0a.jpg','2021-02-22 17:53:28'),
	(98,'Dr. Oetker Chocolate Chips Dark 100g','50254095','Dr. Oetker',9.37,'https://s3.eu-west-1.amazonaws.com/product-data.vme.co/products/images/4fe9b200-bd09-4be5-b348-443fbe67517e.jpg','2021-02-22 18:02:07'),
	(99,'Dr. Oetker Chocolate Chips Milk 100g','50254101','Dr. Oetker',2.44,'https://s3.eu-west-1.amazonaws.com/product-data.vme.co/products/images/73437e90-3bcc-40e8-b0cd-d509d31d5b6c.jpg','2021-02-22 18:02:07'),
	(100,'Dr. Oetker Sugar Strands 55g','50254453','Dr. Oetker',4.93,'https://s3.eu-west-1.amazonaws.com/product-data.vme.co/products/images/4cd9dd5e-7044-4852-9ed1-b6518dd6f21e.jpg','2021-02-22 18:02:06'),
	(101,'Dr. Oetker Hundreds & Thousands 65g','50254460','Dr. Oetker',8.79,'https://s3.eu-west-1.amazonaws.com/product-data.vme.co/products/images/f9a16f2f-01c1-42b0-bb84-c162e101f174.jpg','2021-02-22 18:02:05'),
	(102,'Dr. Oetker Chocolatey Strands 55g','50254484','Dr. Oetker',9.84,'https://s3.eu-west-1.amazonaws.com/product-data.vme.co/products/images/e6ef0907-a612-41a1-aa36-daed63dd78aa.jpg','2021-02-22 18:04:38'),
	(103,'Munch Bunch Squashums Shapes Strawberry 6 x 60g','50294077','Munch Bunch',9.63,'https://s3.eu-west-1.amazonaws.com/product-data.vme.co/products/images/a7d80e50-c022-44db-911a-25e16914d232.jpg','2021-02-22 17:53:44'),
	(104,'Willow Block 250g','50295401','Willow',8.72,'https://s3.eu-west-1.amazonaws.com/product-data.vme.co/products/images/02aa8e31-cb88-4c08-b314-ed8ada0c24f4.jpg','2021-02-22 17:57:38'),
	(105,'St. Ivel Cultured Buttermilk Low Fat 284ml','50321506','St. Ivel',1.48,'https://s3.eu-west-1.amazonaws.com/product-data.vme.co/products/images/3238b786-1235-45c2-a8a2-fcb3abb6eddb.jpg','2021-02-22 17:52:59'),
	(106,'Hartley\'s Raspberry Seedless 340g','50354078','Hartley\'s',8.43,'https://s3.eu-west-1.amazonaws.com/product-data.vme.co/products/images/0acef5ad-8832-4c1d-a70a-0e200a764ffd.jpg','2021-02-22 17:57:23'),
	(107,'Hartley\'s Black Cherry 340g','50354139','Hartley\'s',8.18,'https://s3.eu-west-1.amazonaws.com/product-data.vme.co/products/images/677a8a20-666c-4c19-82cb-7a37da5588d7.jpg','2021-02-22 17:57:23'),
	(108,'Kleenex® Balsam Pocket Tissues Single Pack','50375301','Kleenex®',7.24,'https://s3.eu-west-1.amazonaws.com/product-data.vme.co/products/images/68c14c0f-f348-4854-bb59-8f6a3149ae9c.jpg','2021-02-22 17:57:26'),
	(109,'The Happy Egg Co. 6 Large','50378289','The Happy Egg Co.',3.47,'https://s3.eu-west-1.amazonaws.com/product-data.vme.co/products/images/4bb8cc82-a18d-40e5-b9e3-1315f86b8b4c.jpg','2021-02-22 17:53:32'),
	(110,'VO5 Styling Wax 75 ml','50398621','VO5',3.76,'https://s3.eu-west-1.amazonaws.com/product-data.vme.co/products/images/ed144127-e1fa-46f8-a364-8030a5511e43.jpg','2021-02-22 17:58:19'),
	(111,'VO5 Matt Hair clay 75 ml','50398683','VO5',2.54,'https://s3.eu-west-1.amazonaws.com/product-data.vme.co/products/images/708f03fb-6bdc-48c3-9d45-a2341f718fe9.jpg','2021-02-22 18:01:47'),
	(112,'TRESemme Heat Defence Spray 60ml','50398928','',2.27,'https://s3.eu-west-1.amazonaws.com/product-data.vme.co/products/images/d6e13a8a-c098-44d6-ada9-27cef584f383.jpg','2021-02-22 18:04:28'),
	(113,'Co-op Pineapple 110g','50404124','Co-op',9.95,'https://s3.eu-west-1.amazonaws.com/product-data.vme.co/products/images/98670bfd-8d39-4390-a8a8-913ad4095b2d.jpg','2021-02-22 18:05:10'),
	(114,'Robinsons Fruit Shoot Orange Juice Drink 275ml','0000050412709','Robinsons Fruit Shoot',6.14,'https://s3.eu-west-1.amazonaws.com/product-data.vme.co/products/images/70148d0a-2c3c-440b-ab46-9b5a7485d3c9.jpg','2021-02-22 17:59:12'),
	(115,'Robinsons Fruit Shoot Apple and Blackcurrant 275ml','0000050412716','Robinsons Fruit Shoot',2.75,'https://s3.eu-west-1.amazonaws.com/product-data.vme.co/products/images/36a4292c-363f-41f0-9435-e2ee62aa6c78.jpg','2021-02-22 17:59:12'),
	(116,'Robinsons Fruit Shoot Summer Fruits Juice Drink 275ml','50412723','Robinsons Fruit Shoot',3.48,'https://s3.eu-west-1.amazonaws.com/product-data.vme.co/products/images/93487f43-ff2b-41b4-8704-902f3260602f.jpg','2021-02-22 17:59:17'),
	(117,'Robinsons Fruit Shoot Apple Juice Drink 275ml','50412730','Robinsons Fruit Shoot',7.49,'https://s3.eu-west-1.amazonaws.com/product-data.vme.co/products/images/7e362043-6edf-4522-bfb5-505ad6c512ce.jpg','2021-02-22 17:59:17'),
	(118,'Milkybar White Chocolate Medium Bar 25g','50426188','MILKYBAR',9.81,'https://s3.eu-west-1.amazonaws.com/product-data.vme.co/products/images/4ecda54b-b912-4f60-baae-6717e7151934.jpg','2021-02-22 18:03:49'),
	(119,'Anchor Original Real Cream Spray 250g','50427109','Anchor',3.58,'https://s3.eu-west-1.amazonaws.com/product-data.vme.co/products/images/d798eefc-1669-4887-9347-b85de876294c.jpg','2021-02-22 18:01:22'),
	(120,'Anchor Light Real Cream Spray 250g','50427116','Anchor',2.60,'https://s3.eu-west-1.amazonaws.com/product-data.vme.co/products/images/41ccb38c-46cf-47b9-87da-a3876d13e58d.jpg','2021-02-22 18:01:22'),
	(121,'Heinz Tomato Ketchup 570g','0000050457212','Heinz',2.18,'https://s3.eu-west-1.amazonaws.com/product-data.vme.co/products/images/cc43579b-069b-4c95-8e61-ccb5ddd4c66f.jpg','2021-02-22 17:57:04'),
	(122,'Heinz Tomato Ketchup 910g','0000050457236','Heinz',7.03,'https://s3.eu-west-1.amazonaws.com/product-data.vme.co/products/images/0cec61a1-4590-4c64-bf35-290c27d0f2d4.jpg','2021-02-22 17:57:04'),
	(123,'Heinz Tomato Ketchup 460g','0000050457243','Heinz',1.44,'https://s3.eu-west-1.amazonaws.com/product-data.vme.co/products/images/a769999a-578a-44a0-be39-f357ba18caef.jpg','2021-02-22 17:57:04'),
	(124,'Heinz Tomato Ketchup 342g','0000050457366','Heinz',1.09,'https://s3.eu-west-1.amazonaws.com/product-data.vme.co/products/images/923bcd56-0f12-4d71-97f5-27e5e703235d.jpg','2021-02-22 17:53:38'),
	(125,'Heinz 50% Less Sugar & Salt Tomato Ketchup 435g','50457656','Heinz',6.08,'https://s3.eu-west-1.amazonaws.com/product-data.vme.co/products/images/e53312a5-33d0-4547-961d-b68ac29b0969.jpg','2021-02-22 17:57:04'),
	(126,'Highgrove Goose Fat 180g','50488438','Highgrove',7.73,'https://s3.eu-west-1.amazonaws.com/product-data.vme.co/products/images/aa3e3ee1-2bb2-4330-9aa2-0a4a3d11353f.jpg','2020-10-06 15:55:39'),
	(127,'Gourmet Gold Tinned Cat Food Pate with Ocean Fish 85g','0000050500208','Gourmet',1.40,'https://s3.eu-west-1.amazonaws.com/product-data.vme.co/products/images/0c6a0b25-9416-488e-b95a-beadbe24de45.jpg','2021-02-22 18:00:18'),
	(128,'Saint Agur Blue Crème 150g','50513024','Saint Agur',4.37,'https://s3.eu-west-1.amazonaws.com/product-data.vme.co/products/images/e275aa7f-45a5-4313-95d9-2b752da61980.jpg','2021-02-22 17:59:39'),
	(129,'Princes Tuna Chunks in Spring Water 145g','50717187','Princes',4.87,'https://s3.eu-west-1.amazonaws.com/product-data.vme.co/products/images/28c54d81-1b4f-401a-8924-61fa6335d821.jpg','2021-02-22 17:58:02'),
	(130,'Dunn\'s River Jamaican Style Hot Sauce 85ml','50761210','Dunn\'s River',8.17,'https://s3.eu-west-1.amazonaws.com/product-data.vme.co/products/images/7ea89e4a-87fe-40e3-9e80-d1ab349fd868.jpg','2021-02-22 17:49:58'),
	(131,'Cherry Blossom Easy Shine','50781676','Cherry Blossom',8.13,'https://s3.eu-west-1.amazonaws.com/product-data.vme.co/products/images/334ad214-2cc4-4e87-8d6c-268caaad984d.jpg','2021-02-22 17:50:22'),
	(132,'Fisherman\'s Friend Original Menthol & Eucalyptus Flavour Lozenges 25g','50819485','Fisherman\'s Friend',7.44,'https://s3.eu-west-1.amazonaws.com/product-data.vme.co/products/images/071092d6-6e87-49ce-8991-5e5f50a3d21b.jpg','2021-02-22 17:50:21'),
	(133,'Parsons Pickled Cockles 155g','50824991','Parsons',3.46,'https://s3.eu-west-1.amazonaws.com/product-data.vme.co/products/images/2f6da24f-13e8-4708-8e3f-aaeb324f9588.jpg','2021-02-22 17:56:42'),
	(134,'Trebor Extra Strong Peppermint Mints Roll 41.3g','50833917','Trebor',4.59,'https://s3.eu-west-1.amazonaws.com/product-data.vme.co/products/images/e2fcfa44-e5d6-4828-af84-0df2dfc4bdef.jpg','2021-02-22 17:51:32'),
	(135,'Colman\'s Original English Mustard 50g','00000050849833','Colman\'s',1.42,'https://s3.eu-west-1.amazonaws.com/product-data.vme.co/products/images/6122505f-66ba-4288-83cc-d12ee62e56f7.jpg','2021-02-22 17:51:34'),
	(136,'Rodda\'s Classic Cornish Clotted Cream 113g','50849864','Rodda\'s',4.49,'https://s3.eu-west-1.amazonaws.com/product-data.vme.co/products/images/4a917423-56e4-47e5-88d2-1f94563809e4.jpg','2021-02-22 18:02:10'),
	(137,'Rodda\'s Classic Cornish Clotted Cream 227g','50849871','Rodda\'s',5.26,'https://s3.eu-west-1.amazonaws.com/product-data.vme.co/products/images/dca5bacc-061e-4c76-99d3-ada7a4d9f7f3.jpg','2021-02-22 18:02:10'),
	(138,'Vale of Mowbray Traditional Pork Pie','50900442','Vale of Mowbray',9.66,'https://s3.eu-west-1.amazonaws.com/product-data.vme.co/products/images/3346383f-e1d2-4dc4-85cc-54ae38960bee.jpg','2021-02-22 17:50:39'),
	(139,'Vale of Mowbray Traditional Medium Pork Pie','50900459','Vale of Mowbray',7.24,'https://s3.eu-west-1.amazonaws.com/product-data.vme.co/products/images/68e55755-2ef4-49d3-956c-c9d746b8a2e2.jpg','2021-02-22 17:54:06'),
	(140,'Vale of Mowbray Pork Pie with Egg Large','50900466','Vale of Mowbray',5.69,'https://s3.eu-west-1.amazonaws.com/product-data.vme.co/products/images/3491edaf-4a44-4b1b-82ee-589b0c4f4059.jpg','2021-02-22 17:53:14'),
	(141,'Vale of Mowbray Large Traditional Pork Pie','50900473','Vale of Mowbray',9.28,'https://s3.eu-west-1.amazonaws.com/product-data.vme.co/products/images/c9d11599-89c6-4c87-ba29-0794cb97dc7b.jpg','2021-02-22 17:53:14'),
	(142,'Rizla Regular Liquorice 50s','0000050939886','Rizla',4.53,'https://s3.eu-west-1.amazonaws.com/product-data.vme.co/products/images/8ac926ba-8999-4b8e-9218-477cfaf8846f.jpg','2021-02-22 17:51:48'),
	(143,'Halls Blackcurrant Menthol Action Sweets 33.5g','50960767','Halls',8.24,'https://s3.eu-west-1.amazonaws.com/product-data.vme.co/products/images/6b2e9ec3-20fe-4c4a-98c1-825cc393142d.jpg','2020-10-06 15:56:47'),
	(144,'Schwartz Steak Seasoning 46g Jar','50963546','Schwartz',1.30,'https://s3.eu-west-1.amazonaws.com/product-data.vme.co/products/images/34f274b0-9ebd-4805-8e0f-a848a6fd2cd6.jpg','2021-02-22 18:03:03'),
	(145,'Halls Extra Strong Menthol Action Sweets 33.5g','50985098','Halls',3.56,'https://s3.eu-west-1.amazonaws.com/product-data.vme.co/products/images/0bf0c355-67c9-4280-89ca-46ea5559e8a8.jpg','2020-11-25 16:45:38'),
	(146,'L\'Oreal Elnett Normal Hold Shine Hairspray 75ml','50991297','L\'Oreal',3.01,'https://s3.eu-west-1.amazonaws.com/product-data.vme.co/products/images/a488da05-7e35-41c5-90c9-388d2fb052c9.jpg','2021-02-22 17:56:10'),
	(147,'L\'Oreal Elnett Strong Hold Shine Hairspray 75ml','50991303','L\'Oreal',1.25,'https://s3.eu-west-1.amazonaws.com/product-data.vme.co/products/images/e7a91336-dbb5-4e35-b897-279af195b9a1.jpg','2021-02-22 17:56:11'),
	(148,'Rizla Natura King Size Slim Papers 32s','0000054010406','Rizla',6.24,'https://s3.eu-west-1.amazonaws.com/product-data.vme.co/products/images/b41cc20f-6692-487d-a384-2ca2f67fb61f.jpg','2021-02-22 17:54:40'),
	(149,'Rizla King Size Red 32s','0000054034495','Rizla',8.95,'https://s3.eu-west-1.amazonaws.com/product-data.vme.co/products/images/a8bad538-dc4a-4496-9eaf-1143ab5e5abc.jpg','2021-02-22 17:54:39'),
	(150,'Alpro Smooth Chocolate Dessert 4 x 125g','54051256','Alpro',3.14,'https://s3.eu-west-1.amazonaws.com/product-data.vme.co/products/images/4cc730e2-a255-4615-ab03-9940318b5a54.jpg','2021-02-22 18:03:30'),
	(151,'Alpro Velvet Vanilla Flavoured Dessert 4x125g','54051294','Alpro',2.09,'https://s3.eu-west-1.amazonaws.com/product-data.vme.co/products/images/a485db30-8460-4d6e-935a-56cf0952183b.jpg','2021-02-22 18:03:30'),
	(152,'Coca-Cola Classic 500ml','54491472','Coca-Cola',4.30,'https://s3.eu-west-1.amazonaws.com/product-data.vme.co/products/images/2bd052fd-db7a-48b9-af9f-1fc14f401ee4.jpg','2021-02-22 18:04:56'),
	(153,'Diet Coke 500ml','54491496','Diet Coke',5.45,'https://s3.eu-west-1.amazonaws.com/product-data.vme.co/products/images/34f9ddba-ef0c-4d96-be5b-32a3a92f0169.jpg','2021-02-22 18:04:56'),
	(154,'Powerade Berry and Tropical 500ml','54492653','Powerade',9.81,'https://s3.eu-west-1.amazonaws.com/product-data.vme.co/products/images/f6a2b66c-01c7-43a0-b2dc-b5c019de3eed.jpg','2021-02-22 18:00:34'),
	(155,'Cadbury Dairy Milk Freddo Treasures Chocolate with Toy 14.4g','57024295','Cadbury',2.96,'https://s3.eu-west-1.amazonaws.com/product-data.vme.co/products/images/7cbeb212-64e3-49d8-8a6d-630d980eba3c.jpg','2021-02-22 17:57:00'),
	(156,'Cadbury Freddo White Treasures Chocolate with Toy 14.4g','57027814','Cadbury',5.40,'https://s3.eu-west-1.amazonaws.com/product-data.vme.co/products/images/814d8b69-e2b3-4790-bc94-f1e50dc07b9e.jpg','2021-02-22 17:57:01'),
	(157,'Kinder Medium Chocolate Single Bar 21g','80050094','Kinder',3.71,'https://s3.eu-west-1.amazonaws.com/product-data.vme.co/products/images/2e14f176-98c9-4f8e-af74-bdaca294fdeb.jpg','2021-02-22 18:03:19'),
	(158,'Ferrero Rocher Chocolate Pralines Treat Pack 3 Pieces (37.5g)','80050278','Ferrero Rocher',1.31,'https://s3.eu-west-1.amazonaws.com/product-data.vme.co/products/images/7db25059-6846-4213-ba76-88e7be7f9bd8.jpg','2021-02-22 18:03:22'),
	(159,'Kinder Chocolate Small Bars PMP Multipack 8 x 12.5g (100g)','80050858','Kinder',7.95,'https://s3.eu-west-1.amazonaws.com/product-data.vme.co/products/images/b56d8e1b-33ad-43cf-950d-2dfc67509a39.jpg','2021-02-22 18:00:00'),
	(160,'Nutella Hazelnut and Chocolate Spread Jar 200g','80135463','Nutella',5.32,'https://s3.eu-west-1.amazonaws.com/product-data.vme.co/products/images/6427a494-396f-4152-ab70-80330a47d923.jpg','2021-02-22 18:01:16'),
	(161,'Nutella Hazelnut and Chocolate Spread Jar 750g','80176800','Nutella',6.47,'https://s3.eu-west-1.amazonaws.com/product-data.vme.co/products/images/ba1188a3-a767-4fb7-a043-4876e00ef5e4.jpg','2021-02-22 18:02:47'),
	(162,'Mentos Chewy Dragees Fruit 3 x 38g (114g)','87108675','Mentos',5.13,'https://s3.eu-west-1.amazonaws.com/product-data.vme.co/products/images/7d2a1b6f-3408-4c06-b3ee-52d5f8f1bbe0.jpg','2021-02-22 17:55:30'),
	(163,'Mentos Chewy Dragees Mint 3 x 38g (114g)','87108729','Mentos',3.80,'https://s3.eu-west-1.amazonaws.com/product-data.vme.co/products/images/40b59429-651d-4d87-86bf-5f9d04ccbec3.jpg','2021-02-22 17:55:30'),
	(164,'Heinz Tomato Ketchup 250g','87157215','Heinz',3.77,'https://s3.eu-west-1.amazonaws.com/product-data.vme.co/products/images/213dc45b-3cfc-438c-95dd-79d4042e567e.jpg','2021-02-22 17:57:04'),
	(165,'Pepsi Max 330ml','87170146','Pepsi',5.16,'https://s3.eu-west-1.amazonaws.com/product-data.vme.co/products/images/135486b9-36a7-4494-8bfe-7834b4944873.jpg','2021-02-22 18:00:38'),
	(166,'Red Bull Energy Drink PM £1.35 250ml (24 Pack)','90446061','Red Bull',3.31,'https://s3.eu-west-1.amazonaws.com/product-data.vme.co/products/images/4936e6a9-a1ab-4cff-ad01-c0810ea4c1d8.jpg','2021-02-22 17:57:50'),
	(167,'Red Bull Energy Drink 355ml PM £1.69 (24 Pack)','90446085','Red Bull',2.75,'https://s3.eu-west-1.amazonaws.com/product-data.vme.co/products/images/1bc92d35-fedb-4d2d-a5d9-9184fef19ff2.jpg','2021-02-22 17:57:51'),
	(168,'Red Bull Energy Drink 473ml PM £2.15 (12 Pack)','90446092','Red Bull',9.86,'https://s3.eu-west-1.amazonaws.com/product-data.vme.co/products/images/4183840e-eb8f-4161-a300-ffda0788c305.jpg','2021-02-22 17:57:50'),
	(169,'Lindt GOLD BUNNY Milk Chocolate 10g','96011683','Lindt',5.22,'https://s3.eu-west-1.amazonaws.com/product-data.vme.co/products/images/02b5e9c3-cc30-4285-840d-023af7611c0d.jpg','2021-02-22 18:03:47'),
	(170,'Cadbury Instant Hot Chocolate 28g','96033180','Cadbury',2.33,'https://s3.eu-west-1.amazonaws.com/product-data.vme.co/products/images/5f7c5776-63ac-4c6e-9afb-3a43ed6771c3.jpg','2021-02-22 17:51:22'),
	(171,'Cadbury Highlights Milk Hot Chocolate 11g','96033197','Cadbury',5.47,'https://s3.eu-west-1.amazonaws.com/product-data.vme.co/products/images/6c0ee645-316b-45cd-9b8d-5932dcdc3718.jpg','2021-02-22 18:00:31'),
	(172,'Cadbury Highlights Fudge Hot Chocolate 11g','96033210','Cadbury',2.89,'https://s3.eu-west-1.amazonaws.com/product-data.vme.co/products/images/76b5d60e-64df-4020-920e-a529d1d41023.jpg','2021-02-22 17:51:13'),
	(173,'Sure Cotton Dry Compressed Anti-perspirant Deodorant 75ml','96045442','Sure',8.32,'https://s3.eu-west-1.amazonaws.com/product-data.vme.co/products/images/fc13917c-8921-48ed-8007-41227d7eccbc.jpg','2021-02-22 17:52:06'),
	(174,'Cadbury Wispa Frothy Instant Hot Chocolate 27g','96071472','Cadbury',4.87,'https://s3.eu-west-1.amazonaws.com/product-data.vme.co/products/images/3b7d8fe2-e281-426b-b2c0-85187200ad3b.jpg','2021-02-22 17:57:03'),
	(175,'Peppa Pig Strawberry Flavour Jelly 75g','96080832','Peppa Pig',1.76,'https://s3.eu-west-1.amazonaws.com/product-data.vme.co/products/images/6de469dd-1061-4127-a7e9-25648aacdc20.jpg','2021-02-22 17:50:11'),
	(176,'Dr. Oetker Madagascan Vanilla Extract 35ml','96081280','Dr. Oetker',1.67,'https://s3.eu-west-1.amazonaws.com/product-data.vme.co/products/images/162c3f6a-63cf-4051-8cc2-a67c629eaade.jpg','2021-02-22 18:02:09'),
	(177,'Dr. Oetker American Peppermint Extract 35ml','96081327','Dr. Oetker',4.57,'https://s3.eu-west-1.amazonaws.com/product-data.vme.co/products/images/9457b6f1-218c-4154-ae85-f9c2539c06ec.jpg','2021-02-22 18:02:08'),
	(178,'Soft & Gentle 48hr Protection Anti-Perspirant Deodorant Pink Cotton Jasmine & Coco Milk 50ml','96083482','Soft & Gentle',4.32,'https://s3.eu-west-1.amazonaws.com/product-data.vme.co/products/images/1f595b8f-f40c-48dd-9e4e-2b13b8e717b7.jpg','2021-02-22 17:56:05'),
	(179,'Dr. Oetker Caramel Flavour 35ml','96100271','Dr. Oetker',7.40,'https://s3.eu-west-1.amazonaws.com/product-data.vme.co/products/images/26b03dc9-33b6-44a8-85e5-7ef96cc165f7.jpg','2021-02-22 18:02:05'),
	(180,'The Collective Gourmet Passion Fruit Greek-Style Yoghurt 150g','96100707','The Collective',8.66,'https://s3.eu-west-1.amazonaws.com/product-data.vme.co/products/images/0c0abc83-9c83-4674-894a-2c134fc42bed.jpg','2021-02-22 17:52:27'),
	(181,'Eat Natural Protein Packed Crunchy Nut Bar with Peanuts and Chocolate 45g','96103890','Eat Natural',5.79,'https://s3.eu-west-1.amazonaws.com/product-data.vme.co/products/images/fe1826a3-9e31-4bb2-867b-12d5a76547c6.jpg','2021-02-22 17:53:59'),
	(182,'Colman\'s Original English Mustard 150g','00000096107775','Colman\'s',9.03,'https://s3.eu-west-1.amazonaws.com/product-data.vme.co/products/images/6882286d-b6ca-47e1-8459-e378ac61e87b.jpg','2021-02-22 18:04:25'),
	(183,'The Collective Gourmet Mango Greek-Style Yoghurt 150g','96117767','The Collective',5.83,'https://s3.eu-west-1.amazonaws.com/product-data.vme.co/products/images/ca11eb45-bcd2-404f-8b99-3b480a57f843.jpg','2021-02-22 17:52:27'),
	(184,'Cadbury Dairy Milk Little Bar 18g','96119341','Cadbury',4.96,'https://s3.eu-west-1.amazonaws.com/product-data.vme.co/products/images/bf77de6b-542c-426d-83ec-fe4623b946bc.jpg','2021-02-22 17:57:40'),
	(185,'The Collective Gourmet Raspberry Greek-Style Yoghurt 150g','96123935','The Collective',3.04,'https://s3.eu-west-1.amazonaws.com/product-data.vme.co/products/images/db1af1eb-3ad6-40c8-99fb-2262c25bd72f.jpg','2021-02-22 18:02:14'),
	(186,'Dr. Oetker Chocolatey Sprinkles Mix 76g','96133125','Dr. Oetker',1.78,'https://s3.eu-west-1.amazonaws.com/product-data.vme.co/products/images/4b4fe144-8500-4339-bf72-472d3a2abcc7.jpg','2021-02-22 18:02:05'),
	(187,'Dr. Oetker Yellow Extra Strong Food Colour Gel 15g','0000096168837','Dr. Oetker',2.28,'https://s3.eu-west-1.amazonaws.com/product-data.vme.co/products/images/fd448398-536d-4dae-ab05-289d67d5ecdd.jpg','2021-02-22 18:02:06'),
	(188,'Dr. Oetker Blue Extra Strong Food Colour Gel 15g','0000096168844','Dr. Oetker',1.00,'https://s3.eu-west-1.amazonaws.com/product-data.vme.co/products/images/c7a39f00-7b0c-41ed-b464-31e00b0f6872.jpg','2021-02-22 18:02:05'),
	(189,'Dr. Oetker Green Extra Strong Food Colour Gel 15g','0000096168851','Dr. Oetker',4.97,'https://s3.eu-west-1.amazonaws.com/product-data.vme.co/products/images/bf74f806-137c-4756-a630-c3045d5210ca.jpg','2021-02-22 18:02:05'),
	(190,'Dr. Oetker Pink Extra Strong Food Colour Gel 15g','0000096168882','Dr. Oetker',7.78,'https://s3.eu-west-1.amazonaws.com/product-data.vme.co/products/images/9fe00a7b-60c2-4ab6-ab7f-28279c5f7e6a.jpg','2021-02-22 18:02:05'),
	(191,'Dr. Oetker Orange Extra Strong Food Colour Gel 15g','0000096168899','Dr. Oetker',6.28,'https://s3.eu-west-1.amazonaws.com/product-data.vme.co/products/images/97d2bfc0-f8da-4109-9309-b83b97b1cdc2.jpg','2021-02-22 18:02:07'),
	(192,'Dr. Oetker Red Extra Strong Food Colour Gel 15g','0000096168967','Dr. Oetker',7.98,'https://s3.eu-west-1.amazonaws.com/product-data.vme.co/products/images/b0e09d34-21af-4fe2-a0c6-9e10ec1b650f.jpg','2021-02-22 18:02:05'),
	(193,'Ambrosia Devon Custard 150g','96169001','Ambrosia',6.81,'https://s3.eu-west-1.amazonaws.com/product-data.vme.co/products/images/90caebae-aae5-4347-891f-cb4fd69e0c6f.jpg','2021-02-22 17:52:12'),
	(194,'Ambrosia Rice Pudding 150g','96169544','Ambrosia',3.50,'https://s3.eu-west-1.amazonaws.com/product-data.vme.co/products/images/6fc88584-d9d6-4266-8102-2e6bcd524f52.jpg','2021-02-22 17:53:32'),
	(195,'Eat Natural Fruit & Nut Bar Protein Packed with Salted Caramel and Peanuts 45g','96181072','Eat Natural',9.71,'https://s3.eu-west-1.amazonaws.com/product-data.vme.co/products/images/7b5fc8e6-09c9-46bb-a6a0-486c40a4e9cd.jpg','2021-02-22 17:52:24'),
	(196,'Princes Tuna Steak in Brine 160g','96183342','Princes',6.29,'https://s3.eu-west-1.amazonaws.com/product-data.vme.co/products/images/dac14951-f12b-4387-9c70-646e7f408fd1.jpg','2021-02-22 17:58:03'),
	(197,'Princes Tuna Steak in Sunflower Oil 160g','96183359','Princes',8.33,'https://s3.eu-west-1.amazonaws.com/product-data.vme.co/products/images/2de4113e-014a-4942-ac30-6e7ac8bbe52e.jpg','2021-02-22 17:58:03'),
	(198,'Princes Tuna in Spring Water 160g','96183366','Princes',9.94,'https://s3.eu-west-1.amazonaws.com/product-data.vme.co/products/images/e9ea6c3f-2d39-4cec-b492-7ff47503a426.jpg','2021-02-22 17:58:03'),
	(199,'Dunhill International 20 Cigarettes','96184233','Dunhill',9.59,'https://s3.eu-west-1.amazonaws.com/product-data.vme.co/products/images/e2e9f024-b99a-4ca1-b6e8-a29ea070e03e.jpg','2021-02-22 17:54:41'),
	(200,'Rothmans Blue 20 Cigarettes','96184356','Rothmans',2.31,'https://s3.eu-west-1.amazonaws.com/product-data.vme.co/products/images/202f9705-a2e2-47ca-a77a-7df7a9816e42.jpg','2021-02-22 17:54:42'),
	(201,'Rothmans Blue XL 24 Cigarettes','96184363','Rothmans',7.42,'https://s3.eu-west-1.amazonaws.com/product-data.vme.co/products/images/058d6a89-5a68-479e-b572-cfcd1388b98f.jpg','2021-02-22 17:54:42'),
	(202,'Rothmans Blue Superkings 20 Cigarettes','96184394','Rothmans',7.16,'https://s3.eu-west-1.amazonaws.com/product-data.vme.co/products/images/55ba9ee8-4ad2-4614-8423-2ad7ff3d1f20.jpg','2021-02-22 17:54:42'),
	(203,'Royals Red 23 Cigarettes','96184431','Royals',2.81,'https://s3.eu-west-1.amazonaws.com/product-data.vme.co/products/images/65ea3534-2d72-4f07-915e-9f14b057fa6c.jpg','2021-02-22 17:54:42'),
	(204,'innocent Shots Power Sour Sour Cherry & Punchy Acerola 100ml','96190531','innocent',9.67,'https://s3.eu-west-1.amazonaws.com/product-data.vme.co/products/images/ee3aefb4-0fed-4e53-a23b-801d4af151a0.jpg','2021-02-22 17:59:44'),
	(205,'innocent Shots Ginger Kick Kicking Ginger & Spicy Turmeric 100ml','96190548','innocent',3.57,'https://s3.eu-west-1.amazonaws.com/product-data.vme.co/products/images/35ad18ac-dc24-4505-94c5-dc08bb0bbdb4.jpg','2021-02-22 17:59:44'),
	(206,'Betty Crocker Chocolate Fudge Brownie Mix 415g','0016000718807','Betty Crocker',9.54,'https://s3.eu-west-1.amazonaws.com/product-data.vme.co/products/images/1e7ec234-1622-415b-a4b8-3b9f94929d2b.jpg','2021-02-22 18:03:44'),
	(207,'Barefoot Cabernet Sauvignon 750ml','0018341751017','Barefoot',9.72,'https://s3.eu-west-1.amazonaws.com/product-data.vme.co/products/images/77521cd9-af48-4ff8-a59d-b28b08709c50.jpg','2021-02-22 18:04:49'),
	(208,'Barefoot Sauvignon Blanc 750ml','0018341751024','Barefoot',4.97,'https://s3.eu-west-1.amazonaws.com/product-data.vme.co/products/images/9646366e-af2e-47b6-bcad-f727718bbbdd.jpg','2021-02-22 18:04:49'),
	(209,'Barefoot Chardonnay 750ml','0018341751055','Barefoot',4.55,'https://s3.eu-west-1.amazonaws.com/product-data.vme.co/products/images/4a8d3cf2-f7b7-4e2a-b23e-787a840d56ba.jpg','2021-02-22 18:04:49'),
	(210,'Barefoot White Zinfandel 750ml','0018341751062','Barefoot',6.49,'https://s3.eu-west-1.amazonaws.com/product-data.vme.co/products/images/6733925d-266d-4908-8f25-5cc6238cff12.jpg','2021-02-22 18:04:49'),
	(211,'Barefoot Merlot 750ml','0018341751109','Barefoot',7.86,'https://s3.eu-west-1.amazonaws.com/product-data.vme.co/products/images/831f1b16-4f1d-4254-be91-e2c4c0737441.jpg','2021-02-22 18:04:50'),
	(212,'Barefoot Shiraz 750ml','0018341751130','Barefoot',2.76,'https://s3.eu-west-1.amazonaws.com/product-data.vme.co/products/images/ba4ee7d2-8486-4593-9596-24a3e0472dc8.jpg','2021-02-22 18:04:50'),
	(213,'Del Monte Pineapple Slices in Juice 220g','0024000001669','Del Monte',3.54,'https://s3.eu-west-1.amazonaws.com/product-data.vme.co/products/images/8a3c5d04-9625-4aa4-91c7-f48f2566d42f.jpg','2021-02-22 17:50:50'),
	(214,'Del Monte Pineapple Chunks in Juice 230g','0024000001683','Del Monte',6.19,'https://s3.eu-west-1.amazonaws.com/product-data.vme.co/products/images/cba5f12b-4618-4ee2-97a0-0c6e22fdd215.jpg','2021-02-22 17:50:50'),
	(215,'Del Monte Pineapple Chunks in Juice 435g','0024000001973','Del Monte',9.85,'https://s3.eu-west-1.amazonaws.com/product-data.vme.co/products/images/65d6ef9a-559d-4f37-8bf5-c8fc8acb547a.jpg','2021-02-22 17:50:50'),
	(216,'Del Monte Pineapple Crush in Juice 435g','0024000001980','Del Monte',6.37,'https://s3.eu-west-1.amazonaws.com/product-data.vme.co/products/images/b306de95-e2ae-405c-8584-1f8e25993ac9.jpg','2021-02-22 17:50:36'),
	(217,'Del Monte Peach Slices in Light Syrup 227g','0024000011149','Del Monte',9.47,'https://s3.eu-west-1.amazonaws.com/product-data.vme.co/products/images/24819a16-0c10-4ce6-ab16-185e51deb024.jpg','2021-02-22 17:50:35'),
	(218,'Del Monte Apricot Halves in Light Syrup 420g','0024000024385','Del Monte',4.19,'https://s3.eu-west-1.amazonaws.com/product-data.vme.co/products/images/5e9978b7-2353-47f3-a7cc-edbc9fedecc0.jpg','2021-02-22 17:50:36'),
	(219,'Del Monte Fruit Cocktail in Light Syrup 420g','0024000024675','Del Monte',8.83,'https://s3.eu-west-1.amazonaws.com/product-data.vme.co/products/images/bdf85b25-744c-4b2d-b6ed-5b01bfb37986.jpg','2021-02-22 17:50:36'),
	(220,'Del Monte Peach Halves in Light Syrup 420g','0024000025528','Del Monte',2.65,'https://s3.eu-west-1.amazonaws.com/product-data.vme.co/products/images/00ee7fbe-3c54-432c-bcd1-1dc01f399ce2.jpg','2021-02-22 17:51:08'),
	(221,'Del Monte Peach Slices in Light Syrup 420g','0024000025993','Del Monte',4.20,'https://s3.eu-west-1.amazonaws.com/product-data.vme.co/products/images/2a0167b9-a83e-4dc8-94f6-52788b00fc19.jpg','2021-02-22 17:50:35'),
	(222,'Del Monte Gold Pineapple Chunks in Juice 435g','0024000102342','Del Monte',4.48,'https://s3.eu-west-1.amazonaws.com/product-data.vme.co/products/images/75bc6053-8d9d-4b63-84ee-5a796ff1c5fd.jpg','2021-02-22 17:51:25'),
	(223,'Del Monte Fruit Express Gold Pineapple Chunks in Juice 227g','0024000104384','Del Monte',7.76,'https://s3.eu-west-1.amazonaws.com/product-data.vme.co/products/images/09c37059-6f54-4ee0-90a7-9a9ac6518aa9.jpg','2021-02-22 17:52:00'),
	(224,'Del Monte Fruit Express Mandarins in Juice 227g','0024000105053','Del Monte',9.93,'https://s3.eu-west-1.amazonaws.com/product-data.vme.co/products/images/e066d38d-59d6-48a1-8d5d-3b2a5a94ef56.jpg','2021-02-22 17:52:00'),
	(225,'Del Monte Fruit Cocktail in Juice 415g','0024000124023','Del Monte',8.63,'https://s3.eu-west-1.amazonaws.com/product-data.vme.co/products/images/5d40ab51-b0b7-414c-98bc-7ff9ac4fea24.jpg','2021-02-22 17:51:47'),
	(226,'Del Monte Peach Halves in Juice 415g','0024000124948','Del Monte',6.27,'https://s3.eu-west-1.amazonaws.com/product-data.vme.co/products/images/dc2bcd5c-2788-4485-beaa-f5dd7162e11f.jpg','2021-02-22 17:51:47'),
	(227,'Del Monte Peach Slices in Juice 415g','0024000124955','Del Monte',3.82,'https://s3.eu-west-1.amazonaws.com/product-data.vme.co/products/images/49d1d5f8-97b4-451c-98fb-4255f43e71b5.jpg','2021-02-22 17:51:47'),
	(228,'Del Monte Pear Halves in Juice 415g','0024000124962','Del Monte',6.02,'https://s3.eu-west-1.amazonaws.com/product-data.vme.co/products/images/07d55d5a-53b4-4cf5-b657-cb45718ea6df.jpg','2021-02-22 17:51:47'),
	(229,'Del Monte Pineapple Slices in Juice 435g','0024000150350','Del Monte',5.59,'https://s3.eu-west-1.amazonaws.com/product-data.vme.co/products/images/59528862-2985-434a-9376-c54c928f8bd9.jpg','2021-02-22 17:51:08'),
	(230,'Del Monte Fruit Cocktail in Light Syrup 420g','0024000150398','Del Monte',6.09,'https://s3.eu-west-1.amazonaws.com/product-data.vme.co/products/images/1c95bbb8-285d-4a4f-858e-5506d651054b.jpg','2021-02-22 17:50:53'),
	(231,'Del Monte Mango Slices in Light Syrup 425g','0024000195252','Del Monte',6.93,'https://s3.eu-west-1.amazonaws.com/product-data.vme.co/products/images/b66bafa6-80b7-430c-a39f-e13a8b71c1cf.jpg','2021-02-22 17:50:50'),
	(232,'Del Monte Prunes in Juice 410g','0024000199779','Del Monte',1.43,'https://s3.eu-west-1.amazonaws.com/product-data.vme.co/products/images/1a4ed690-22a5-4d5a-85bc-6a1eddce7681.jpg','2021-02-22 17:51:47'),
	(233,'Idahoan Perfect Mash Buttery 109g','0029700921415','Idahoan',7.22,'https://s3.eu-west-1.amazonaws.com/product-data.vme.co/products/images/1f840993-3707-462c-aa86-2468b4549380.jpg','2021-02-22 17:50:56'),
	(234,'Idahoan Perfect Mash Cheddar Cheese Flavoured 109g','0029700921453','Idahoan',4.78,'https://s3.eu-west-1.amazonaws.com/product-data.vme.co/products/images/8435732d-72e5-4859-92a0-41d72aca8070.jpg','2021-02-22 17:50:56'),
	(235,'Idahoan Perfect Mash Butter & Herb Flavoured 109g','0029700921460','Idahoan',3.22,'https://s3.eu-west-1.amazonaws.com/product-data.vme.co/products/images/4a4c115b-91d7-4acf-bff2-eb351ddf7a3b.jpg','2021-02-22 17:50:56'),
	(236,'Idahoan Perfect Mash Roasted Garlic 109g','0029700921477','Idahoan',2.50,'https://s3.eu-west-1.amazonaws.com/product-data.vme.co/products/images/dca23c9f-b1a4-42f5-a42c-f21eb162a65a.jpg','2021-02-22 17:50:56'),
	(237,'Ocean Spray Cranberry Classic 1 Litre','0031200452009','Ocean Spray',6.44,'https://s3.eu-west-1.amazonaws.com/product-data.vme.co/products/images/76cec2af-18e6-4545-8a96-59dad98f7c29.jpg','2021-02-22 17:56:25'),
	(238,'Ocean Spray Cranberry Juice Drink 1 Litre','0031200452603','Ocean Spray',2.22,'https://s3.eu-west-1.amazonaws.com/product-data.vme.co/products/images/7ed34737-cba4-43a3-ae2e-772a8458f63e.jpg','2021-02-22 17:56:24'),
	(239,'Spam Chopped Pork and Ham 200g','0037600104029','Spam',4.88,'https://s3.eu-west-1.amazonaws.com/product-data.vme.co/products/images/596cb339-c37c-4e0e-b013-97a64a54df50.jpg','2021-02-22 18:00:50'),
	(240,'Spam Chopped Pork and Ham 340g','0037600209571','Spam',5.88,'https://s3.eu-west-1.amazonaws.com/product-data.vme.co/products/images/c5c1eaad-0c35-445e-a0d2-8deea09eb547.jpg','2021-02-22 18:00:50'),
	(241,'Kühne Pickled Gherkins 330g','0039045040290','Kühne',9.54,'https://s3.eu-west-1.amazonaws.com/product-data.vme.co/products/images/2218b3b6-3b4f-4ab0-9df4-f6c158509b26.jpg','2021-02-22 17:55:38'),
	(242,'Old El Paso Thick \'N Chunky Mild Salsa 226g','0046000283234','Old El Paso',8.15,'https://s3.eu-west-1.amazonaws.com/product-data.vme.co/products/images/4cc35f53-ed8d-4e20-8209-73a38d36b3c3.jpg','2021-02-22 18:01:43'),
	(243,'Old El Paso Thick \'N Chunky Hot Salsa 226g','0046000283241','Old El Paso',5.02,'https://s3.eu-west-1.amazonaws.com/product-data.vme.co/products/images/483b6e24-9599-4e23-bf7c-0b83a7c123e2.jpg','2021-02-22 17:53:34'),
	(244,'Old El Paso 8 Regular Flour Tortillas 326g','0046000283265','Old El Paso',9.27,'https://s3.eu-west-1.amazonaws.com/product-data.vme.co/products/images/84f24bb5-214d-4449-9d63-2d9dba51533b.jpg','2021-02-22 18:03:10'),
	(245,'Astonish Kitchen Cleaner 750ml','0048256296181','Astonish',5.55,'https://s3.eu-west-1.amazonaws.com/product-data.vme.co/products/images/bb5d7506-75fc-4ab4-ab55-ed50ba51e793.jpg','2021-02-22 18:03:12'),
	(246,'Astonish Bathroom Cleaner 750ml','0048256297164','Astonish',8.66,'https://s3.eu-west-1.amazonaws.com/product-data.vme.co/products/images/0b301272-0ffe-4a4b-aef5-4bc92b386639.jpg','2021-02-22 18:03:12'),
	(247,'Nature\'s Path Organic Gluten Free Mesa Sunrise 355g','0058449771890','Nature\'s Path',3.51,'https://s3.eu-west-1.amazonaws.com/product-data.vme.co/products/images/9fd38bf7-39fd-42aa-8e9c-5d6cf158fbef.jpg','2021-02-22 17:52:00'),
	(248,'Nature\'s Path Organic Gluten Free Maple Sunrise 332g','0058449771999','Nature\'s Path',9.37,'https://s3.eu-west-1.amazonaws.com/product-data.vme.co/products/images/9d38a122-271e-4811-8531-2aecd6b4775c.jpg','2021-02-22 17:51:58'),
	(249,'Nature\'s Path Organic Gluten Free Granola Pumpkin Seeds Almonds & Raisins 312g','0058449890461','Nature\'s Path',5.61,'https://s3.eu-west-1.amazonaws.com/product-data.vme.co/products/images/3c00516b-aeff-447b-8dcf-3effd5d11103.jpg','2021-02-22 17:50:45'),
	(250,'Nature\'s Path Organic Gluten Free Granola Mixed Berry & Yogurt Chunks 312g','0058449890485','Nature\'s Path',7.36,'https://s3.eu-west-1.amazonaws.com/product-data.vme.co/products/images/42959c21-65a4-4e7a-b6ad-c955636a7f2d.jpg','2021-02-22 17:50:45'),
	(251,'Nairn\'s Organic Scottish Oatcakes 250g','0061232200293','Nairn\'s',4.02,'https://s3.eu-west-1.amazonaws.com/product-data.vme.co/products/images/4885018e-edc5-4ae5-b2b2-4662e83626b6.jpg','2021-02-22 17:56:04'),
	(252,'Nairn\'s Mixed Berries Oat Biscuits 200g','0061232200989','Nairn\'s',5.25,'https://s3.eu-west-1.amazonaws.com/product-data.vme.co/products/images/c83a15ff-dc82-40a9-b2ad-47d6946e4062.jpg','2021-02-22 17:54:12'),
	(253,'Nairn\'s Stem Ginger Oat Biscuits 200g','0061232201047','Nairn\'s',2.59,'https://s3.eu-west-1.amazonaws.com/product-data.vme.co/products/images/5660c839-1632-4704-8550-7c2c512f9ec1.jpg','2021-02-22 17:59:18'),
	(254,'Campbell\'s Condensed Cream of Mushroom Soup 295g','0063211197532','Campbell\'s',3.73,'https://s3.eu-west-1.amazonaws.com/product-data.vme.co/products/images/a3a2d03d-cde9-4fd0-8544-c82a28ebd854.jpg','2021-02-22 17:50:45'),
	(255,'Campbell\'s Cream of Chicken Condensed Soup 295g','0063211197549','Campbell\'s',6.04,'https://s3.eu-west-1.amazonaws.com/product-data.vme.co/products/images/54fa29c0-97e5-459a-ac4a-5098a7281f69.jpg','2021-02-22 17:50:45'),
	(256,'Campbell\'s Cream of Celery Condensed Soup 295g','0063211197556','Campbell\'s',4.28,'https://s3.eu-west-1.amazonaws.com/product-data.vme.co/products/images/284826ab-b0b1-426a-8fd8-03098eae83e7.jpg','2021-02-22 17:50:45'),
	(257,'Campbell\'s Cream of Tomato Condensed Soup 295g','0063211197587','Campbell\'s',1.69,'https://s3.eu-west-1.amazonaws.com/product-data.vme.co/products/images/5b7f4005-03ef-4420-b6ef-765756dda5ed.jpg','2021-02-22 17:50:45'),
	(258,'Twinings English Breakfast 50 Tea Bags 125g','0070177010201','Twinings',6.44,'https://s3.eu-west-1.amazonaws.com/product-data.vme.co/products/images/42179b9e-b07a-4397-af9a-eb9c4ed0b894.jpg','2021-02-22 17:50:47'),
	(259,'Twinings English Breakfast 100 Tea Bags 250g','0070177022389','Twinings',6.89,'https://s3.eu-west-1.amazonaws.com/product-data.vme.co/products/images/6c15dcb4-9dac-4fab-9e55-bfc7c193c60f.jpg','2021-02-22 18:03:50'),
	(260,'Twinings Pure Camomile 20 Single Tea Bags 30g','0070177067762','Twinings',3.37,'https://s3.eu-west-1.amazonaws.com/product-data.vme.co/products/images/142f3d76-24b1-4147-b8b8-231ed45053f4.jpg','2021-02-22 18:05:14'),
	(261,'Twinings Pure Peppermint 20 Single Tea Bags 40g','0070177067779','Twinings',5.55,'https://s3.eu-west-1.amazonaws.com/product-data.vme.co/products/images/3a4cd602-7fbe-4cb8-a899-016e63f59ddb.jpg','2021-02-22 17:50:47'),
	(262,'Twinings Lemon & Ginger 20 Single Tea Bags 30g','0070177075101','Twinings',6.19,'https://s3.eu-west-1.amazonaws.com/product-data.vme.co/products/images/b997cf15-8b9d-4a44-8ba4-0231cc94e466.jpg','2021-02-22 17:50:47'),
	(263,'Twinings Lady Grey 50 Tea Bags 125g','0070177085322','Twinings',1.25,'https://s3.eu-west-1.amazonaws.com/product-data.vme.co/products/images/051e9d67-17ef-4929-a07c-fdf20c6c3ee4.jpg','2021-02-22 17:50:47'),
	(264,'Twinings Strawberry & Raspberry 20 Single Tea Bags 40g','0070177093402','Twinings',4.27,'https://s3.eu-west-1.amazonaws.com/product-data.vme.co/products/images/a5721dc4-2baf-42bb-972d-012a6be916fc.jpg','2021-02-22 17:50:49'),
	(265,'Twinings Cranberry & Raspberry 20 Single Tea Bags 40g','0070177098940','Twinings',9.61,'https://s3.eu-west-1.amazonaws.com/product-data.vme.co/products/images/db9594c7-6e68-4a7e-a3e5-9d0883384450.jpg','2021-02-22 17:50:46'),
	(266,'Twinings Pure Green Tea 20 Single Tea Bags 50g','0070177103088','Twinings',2.65,'https://s3.eu-west-1.amazonaws.com/product-data.vme.co/products/images/b33699fa-a2c8-4709-ab28-d8022af340de.jpg','2021-02-22 17:50:47'),
	(267,'Twinings Camomile & Honey 20 Single Tea Bags 30g','0070177115227','Twinings',1.02,'https://s3.eu-west-1.amazonaws.com/product-data.vme.co/products/images/934cc7eb-cdcc-45db-85a3-24a72f983e26.jpg','2021-02-22 17:50:46'),
	(268,'Twinings English Strong Breakfast 80 Tea Bags 250g','0070177136994','Twinings',5.03,'https://s3.eu-west-1.amazonaws.com/product-data.vme.co/products/images/95cb2dca-906c-4ea7-8da5-d452c28f9fd9.jpg','2021-02-22 18:03:50'),
	(269,'Twinings Assam 40 Tea Bags 100g','0070177137755','Twinings',1.91,'https://s3.eu-west-1.amazonaws.com/product-data.vme.co/products/images/62c2495e-d93d-4dbf-8e29-fe9ced5c600e.jpg','2021-02-22 17:50:46'),
	(270,'Twinings Decaffeinated The Earl Grey 100 Tea Bags 250g','0070177241438','Twinings',8.46,'https://s3.eu-west-1.amazonaws.com/product-data.vme.co/products/images/a11615d0-e960-4d51-96b1-77568dad5f31.jpg','2020-10-06 15:55:23'),
	(271,'Stagg Chili Dynamite Chili Con Carne Hot 400g','0071106061813','Stagg',2.75,'https://s3.eu-west-1.amazonaws.com/product-data.vme.co/products/images/73967024-3ade-4929-832c-b5d05dc7c8b6.jpg','2021-02-22 18:00:49'),
	(272,'Cardini\'s The Original Caesar Dressing 250ml','0071475740234','Cardini\'s',9.84,'https://s3.eu-west-1.amazonaws.com/product-data.vme.co/products/images/6da0e37d-0030-4512-9d7f-1b8b9665215b.jpg','2021-02-22 17:50:07'),
	(273,'Maryland Cookies Choc Chip 230g','0072417136160','Maryland',4.09,'https://s3.eu-west-1.amazonaws.com/product-data.vme.co/products/images/205532fd-6417-4fbc-8ea5-c406f06a17da.jpg','2021-02-22 17:51:55'),
	(274,'Maryland Cookies Double Choc 230g','0072417136177','Maryland',1.44,'https://s3.eu-west-1.amazonaws.com/product-data.vme.co/products/images/1f7e45a8-e49e-4a2f-8a39-9add78c3b46e.jpg','2021-02-22 17:51:56'),
	(275,'Maryland Cookies Choc Chip & Hazelnut 230g','0072417136184','Maryland',4.40,'https://s3.eu-west-1.amazonaws.com/product-data.vme.co/products/images/62fa21e2-2c97-4b40-8484-a196e4f9bbc5.jpg','2021-02-22 17:51:08'),
	(276,'Lyons\' Biscuits Toffypops 240g','0072417141829','Lyons\'',7.02,'https://s3.eu-west-1.amazonaws.com/product-data.vme.co/products/images/720b14ea-fd48-4d7a-9c06-97daf8dccaeb.jpg','2021-02-22 17:50:26'),
	(277,'Jammie Dodgers 8 Biscuits Raspberry Flavour 140g','0072417143700','Jammie Dodgers',4.84,'https://s3.eu-west-1.amazonaws.com/product-data.vme.co/products/images/4a9670c5-61f8-4c1f-8d56-98009cc91b18.jpg','2021-02-22 17:58:59'),
	(278,'Cadbury Fingers Chocolate Biscuits 114g','0072417161575','Cadbury',4.68,'https://s3.eu-west-1.amazonaws.com/product-data.vme.co/products/images/b6636995-f58b-44c0-8986-3bfe1be24f0d.jpg','2021-02-22 17:52:38'),
	(279,'Primula Original Cheese 150g','0074472281045','Primula',8.21,'https://s3.eu-west-1.amazonaws.com/product-data.vme.co/products/images/c088f418-d617-46d3-8263-dbe77a65deb4.jpg','2021-02-22 18:01:03'),
	(280,'Primula Cheese \'n\' Chives 150g','0074472281229','Primula',9.09,'https://s3.eu-west-1.amazonaws.com/product-data.vme.co/products/images/551f261b-9661-4283-b9ef-e1327f29aacc.jpg','2021-02-22 18:01:03'),
	(281,'Primula Cheese \'n\' Ham 150g','0074472281236','Primula',5.33,'https://s3.eu-west-1.amazonaws.com/product-data.vme.co/products/images/52e59d40-1d93-4ca7-a865-01a28b484b5d.jpg','2021-02-22 18:01:03'),
	(282,'Primula Cheese \'n\' Prawns 150g','0074472281243','Primula',1.20,'https://s3.eu-west-1.amazonaws.com/product-data.vme.co/products/images/d5bd2ac2-f82b-400a-8df0-19cb66c82340.jpg','2021-02-22 18:01:03'),
	(283,'Gallo Family Vineyards White Grenache 750ml','0085000002872','Gallo Family Vineyards',7.55,'https://s3.eu-west-1.amazonaws.com/product-data.vme.co/products/images/fe76d7f9-5346-4b3e-9f35-a7859ce65d86.jpg','2021-02-22 18:02:50'),
	(284,'E&J The Original Brandy 700ml','0085000003763','E&J',3.05,'https://s3.eu-west-1.amazonaws.com/product-data.vme.co/products/images/eeb52a4e-2ddc-454c-8e6d-468768eeacab.jpg','2021-02-22 18:02:49'),
	(285,'Gallo Family Vineyards Sauvignon Blanc 750ml','0085000005866','Gallo Family Vineyards',1.25,'https://s3.eu-west-1.amazonaws.com/product-data.vme.co/products/images/f8a0bd4f-e569-4bdf-8852-78541a4ced95.jpg','2021-02-22 18:02:50'),
	(286,'Gallo Family Vineyards White Zinfandel 750ml','0085000007839','Gallo Family Vineyards',3.20,'https://s3.eu-west-1.amazonaws.com/product-data.vme.co/products/images/eb3c274f-d4a6-4e03-80ed-2693ab55d1d9.jpg','2021-02-22 18:02:51'),
	(287,'Gallo Family Vineyards Merlot 750ml','0085000009840','Gallo Family Vineyards',8.59,'https://s3.eu-west-1.amazonaws.com/product-data.vme.co/products/images/898798ce-c6b7-4fd3-9d20-b092531ddd82.jpg','2021-02-22 18:02:50'),
	(288,'Barefoot Pinot Grigio 750ml','0085000014448','Barefoot',1.44,'https://s3.eu-west-1.amazonaws.com/product-data.vme.co/products/images/5dd98eb7-9803-48dc-915e-e8979df0fbe0.jpg','2021-02-22 18:04:49'),
	(289,'Gallo Family Vineyards Pinot Grigio 750ml','0085000016626','Gallo Family Vineyards',4.13,'https://s3.eu-west-1.amazonaws.com/product-data.vme.co/products/images/4e0948c3-d113-4c43-8aab-456fd040b9ff.jpg','2021-02-22 18:02:51'),
	(290,'E&J The Original Brandy 350ml','0085000019559','E&J',8.35,'https://s3.eu-west-1.amazonaws.com/product-data.vme.co/products/images/756c2028-faac-4232-9e0e-85b2307ef42e.jpg','2021-02-22 18:02:49'),
	(291,'Dark Horse Cabernet Sauvignon 750ml','0085000020302','Dark Horse',3.77,'https://s3.eu-west-1.amazonaws.com/product-data.vme.co/products/images/55677555-8855-4709-9a86-494c9d4be408.jpg','2021-02-22 18:04:49'),
	(292,'Dark Horse Chardonnay 750ml','0085000020319','Dark Horse',6.45,'https://s3.eu-west-1.amazonaws.com/product-data.vme.co/products/images/4d5e0219-88a9-4fda-ba9e-cf443e870fc2.jpg','2021-02-22 18:04:48'),
	(293,'Barefoot Pink Moscato 750ml','0085000021095','Barefoot',2.56,'https://s3.eu-west-1.amazonaws.com/product-data.vme.co/products/images/35eeef57-851d-482b-a5d2-299da51108ad.jpg','2021-02-22 18:04:49'),
	(294,'Barefoot Malbec 750ml','0085000021569','Barefoot',6.47,'https://s3.eu-west-1.amazonaws.com/product-data.vme.co/products/images/1427d050-810f-4959-a46a-adc213b8b5cc.jpg','2021-02-22 18:04:50'),
	(295,'Gallo Family Vineyards Summer Rosé 750ml','0085000022207','Gallo Family Vineyards',5.42,'https://s3.eu-west-1.amazonaws.com/product-data.vme.co/products/images/c703e699-be53-448d-a505-a8683bf62b49.jpg','2021-02-22 18:02:50'),
	(296,'Dark Horse Merlot 750ml','0085000022870','Dark Horse',3.33,'https://s3.eu-west-1.amazonaws.com/product-data.vme.co/products/images/546024aa-033d-4592-a421-09326bc32e26.jpg','2021-02-22 18:04:48'),
	(297,'Dark Horse Sauvignon Blanc 750ml','0085000022924','Dark Horse',9.65,'https://s3.eu-west-1.amazonaws.com/product-data.vme.co/products/images/5f672cee-3494-4b55-ac50-d480e4b95e0d.jpg','2021-02-22 18:04:48'),
	(298,'Gallo Family Vineyards Spritz Pineapple & Passionfruit 750ml','0085000023587','Gallo Family Vineyards',1.43,'https://s3.eu-west-1.amazonaws.com/product-data.vme.co/products/images/0288547f-de31-4e06-9fb0-a465663b65f8.jpg','2021-02-22 18:02:49'),
	(299,'Gallo Family Vineyards Spritz Raspberry & Lime 750ml','0085000023594','Gallo Family Vineyards',4.32,'https://s3.eu-west-1.amazonaws.com/product-data.vme.co/products/images/484ed770-c04a-4b0a-a919-75db2d94b269.jpg','2021-02-22 18:02:50'),
	(300,'New Amsterdam No. 525 Premium Imported Vodka 1L','0085000024171','New Amsterdam',7.37,'https://s3.eu-west-1.amazonaws.com/product-data.vme.co/products/images/3f47902a-552f-46bf-9a4d-8324a13ecf03.jpg','2021-02-22 18:02:51'),
	(301,'Dark Horse Rosé 750ml','0085000024218','Dark Horse',7.59,'https://s3.eu-west-1.amazonaws.com/product-data.vme.co/products/images/361ae619-7ba2-431e-8fd8-cad0f1abd4d1.jpg','2021-02-22 18:04:48'),
	(302,'Gallo Family Vineyards Spritz Peach & Nectarine 750ml','0085000024584','Gallo',6.18,'https://s3.eu-west-1.amazonaws.com/product-data.vme.co/products/images/ddc98018-68e3-4a52-8401-9a55075e91f1.jpg','2020-11-04 14:39:01'),
	(303,'Barefoot Pink Pinot Grigio 750ml','0085000025239','Barefoot',6.16,'https://s3.eu-west-1.amazonaws.com/product-data.vme.co/products/images/29a599a0-bcea-426d-8310-3adeb3c30aaa.jpg','2021-02-22 18:04:49'),
	(304,'E&J Apple 700ml','0085000026205','E&J',9.44,'https://s3.eu-west-1.amazonaws.com/product-data.vme.co/products/images/ad42c2a3-5e8f-4709-8862-2006f4f9b8ca.jpg','2020-11-04 14:39:01'),
	(305,'Dark Horse Malbec 750ml','0085000029183','Dark Horse',8.57,'https://s3.eu-west-1.amazonaws.com/product-data.vme.co/products/images/9245f7f3-10ad-45ed-8331-b82a4803308d.jpg','2021-02-22 18:04:48'),
	(306,'Co Op British Pork Leg Joint with Crackling','0291170000000','Co Op',8.02,'https://s3.eu-west-1.amazonaws.com/product-data.vme.co/products/images/28d0459e-9f90-4def-b76d-f2a1364ee7b5.jpg','2021-02-22 17:51:37'),
	(307,'Nairn\'s Wholegrain Crackers 137g','0612322000738','Nairn\'s',7.99,'https://s3.eu-west-1.amazonaws.com/product-data.vme.co/products/images/d3b9b5d9-d0b9-4b95-b65d-ca6554c3a57f.jpg','2021-02-22 17:54:18'),
	(308,'Nairn\'s Fine Milled Oatcakes 218g','0612322000837','Nairn\'s',4.76,'https://s3.eu-west-1.amazonaws.com/product-data.vme.co/products/images/119302ad-63c8-4e91-b41a-231c0d5cd1b5.jpg','2021-02-22 17:52:07'),
	(309,'Nairn\'s Rough Oatcakes 250g','0612322000844','Nairn\'s',2.11,'https://s3.eu-west-1.amazonaws.com/product-data.vme.co/products/images/a3d32a22-e03e-4c01-bb2b-ecb64e002b08.jpg','2021-02-22 17:52:08'),
	(310,'Nairn\'s Chocolate Chip Oat Biscuit Breaks 160g','0612322030087','Nairn\'s',5.44,'https://s3.eu-west-1.amazonaws.com/product-data.vme.co/products/images/8c0b85ac-5fca-4d15-b6ec-5cc0ea6e2e4f.jpg','2021-02-22 17:54:12'),
	(311,'Yorkshire Tea Leaf Tea 250g','0615357111363','Taylors of Harrogate',5.93,'https://s3.eu-west-1.amazonaws.com/product-data.vme.co/products/images/6b5930b7-ad17-44f0-b24b-4e8f68f94f55.jpg','2021-02-22 18:02:29'),
	(312,'Taylors of Harrogate Yorkshire Tea Decaf 80 Tea Bags 250g','0615357118775','Taylors of Harrogate',5.64,'https://s3.eu-west-1.amazonaws.com/product-data.vme.co/products/images/2a6c0b33-85be-437c-9d16-ad27a44f5df6.jpg','2021-02-22 18:02:29'),
	(313,'Taylors of Harrogate Rich Italian Coffee Bags 10 Enveloped Bags 75g','0615357122468','Taylors of Harrogate',7.60,'https://s3.eu-west-1.amazonaws.com/product-data.vme.co/products/images/6d01b0de-8820-47aa-9b64-3b2cafeb31ea.jpg','2021-02-22 17:52:41'),
	(314,'Border Sweet Memories Butterscotch Crunch 135g','0652655001088','Border',1.34,'https://s3.eu-west-1.amazonaws.com/product-data.vme.co/products/images/6064c6df-b2d2-4291-a273-09f98efcfbdb.jpg','2021-02-22 17:55:45'),
	(315,'Border Buttery Sultana Melts 135g','0652655001095','Border',2.95,'https://s3.eu-west-1.amazonaws.com/product-data.vme.co/products/images/8ea8658e-65e3-4178-ba74-6f90f5f59373.jpg','2021-02-22 17:55:44'),
	(316,'Border Lemon Drizzle Melts 150g','0652655001101','Border',8.96,'https://s3.eu-west-1.amazonaws.com/product-data.vme.co/products/images/cec31d77-2602-4f23-851a-11c8942d8b27.jpg','2021-02-22 18:02:13'),
	(317,'Border Light & Chocolatey Viennese Whirls 150g','0652655001132','Border',4.00,'https://s3.eu-west-1.amazonaws.com/product-data.vme.co/products/images/635b840d-0bc8-4f40-af70-b28a2c063a4c.jpg','2021-02-22 17:55:43'),
	(318,'Border Milk Chocolate Gingers 150g','0652655001149','Border',7.02,'https://s3.eu-west-1.amazonaws.com/product-data.vme.co/products/images/03e0e40f-bcd6-4d76-88fd-3176aa8daeac.jpg','2021-02-22 17:55:44'),
	(319,'Border Dark Chocolate Gingers 150g','0652655001156','Border',3.62,'https://s3.eu-west-1.amazonaws.com/product-data.vme.co/products/images/46763b7f-48a6-4257-b9e8-ecc80abd9edd.jpg','2021-02-22 17:55:43'),
	(320,'Colman\'s Original English Mustard Powder 113g','0667803000752','Colman\'s',4.74,'https://s3.eu-west-1.amazonaws.com/product-data.vme.co/products/images/ef858245-440a-4b51-ba7c-a1c65ca87461.jpg','2021-02-22 18:04:18'),
	(321,'Perfectly Clear Still Strawberry Flavour Spring Water 500ml','0700220210202','Perfectly Clear',5.12,'https://s3.eu-west-1.amazonaws.com/product-data.vme.co/products/images/1c1d2c78-b296-49a4-9d3a-dc7da6dad3ab.jpg','2021-02-22 17:56:17'),
	(322,'Perfectly Clear Still Lemon & Lime Flavour Spring Water 500ml','0700220210226','Perfectly Clear',1.29,'https://s3.eu-west-1.amazonaws.com/product-data.vme.co/products/images/c6059af0-a247-4824-a979-62d8ce9934de.jpg','2021-02-22 17:56:17'),
	(323,'Perfectly Clear Still Summer Fruits Flavour Spring Water 500ml','0700220210233','Perfectly Clear',3.41,'https://s3.eu-west-1.amazonaws.com/product-data.vme.co/products/images/de68ed3e-7db2-4a04-a9d3-0fc44739284d.jpg','2021-02-22 17:56:17'),
	(324,'Perfectly Clear Still Strawberry Flavour Spring Water 1.5L','0700220822962','Perfectly Clear',7.64,'https://s3.eu-west-1.amazonaws.com/product-data.vme.co/products/images/80e488ce-2157-4f68-a148-ffc224dc5704.jpg','2021-02-22 17:56:17'),
	(325,'Perfectly Clear Still Summer Fruits Flavour Spring Water 1.5L','0700220822993','Perfectly Clear',3.78,'https://s3.eu-west-1.amazonaws.com/product-data.vme.co/products/images/5c2af498-62d6-4f51-9d53-24cb44dbffe2.jpg','2021-02-22 17:56:17'),
	(326,'Splenda Low Calorie Sweetener - Granulated 75g','0722776000304','Splenda',7.58,'https://s3.eu-west-1.amazonaws.com/product-data.vme.co/products/images/39402bc4-2bbb-4879-83d8-f7c7ce9b1ba3.jpg','2021-02-22 18:04:58'),
	(327,'Splenda Zero Calorie Sweetener - 100 Sweet Minis 1.5g','0722776000380','Splenda',9.99,'https://s3.eu-west-1.amazonaws.com/product-data.vme.co/products/images/727f49c6-bcdc-4f91-a381-1340b720b83d.jpg','2021-02-22 18:04:58'),
	(328,'Splenda Zero Calorie Sweetener - 500 Sweet Minis 7.5g','0722776000403','Splenda',5.22,'https://s3.eu-west-1.amazonaws.com/product-data.vme.co/products/images/49ed6665-b54d-4548-9fad-69dcc5e220cf.jpg','2021-02-22 18:04:58'),
	(329,'Super-Max Sensitive Shave Gel 200ml','0752754005243','Super-Max',5.76,'https://s3.eu-west-1.amazonaws.com/product-data.vme.co/products/images/826487cf-1fc2-486e-9e9c-665d38608099.jpg','2020-10-06 15:55:51'),
	(330,'McGuigan Black Label Premium Release Shiraz 750ml','0764253951112','McGuigan',5.28,'https://s3.eu-west-1.amazonaws.com/product-data.vme.co/products/images/17c57946-a90e-4434-a284-26599cc67de2.jpg','2021-02-22 17:57:49'),
	(331,'Blue Star Hand Picked Lump Crab Meat 142g','0811238100048','Blue Star',1.09,'https://s3.eu-west-1.amazonaws.com/product-data.vme.co/products/images/fed1c215-15dd-42dc-a914-b4d66994e08e.jpg','2021-02-22 17:57:10'),
	(332,'Blue Star Hand Picked Claw Crab Meat 142g','0811238100062','Blue Star',2.54,'https://s3.eu-west-1.amazonaws.com/product-data.vme.co/products/images/0cb42fdf-cc99-4b36-aa93-d43f77a5b448.jpg','2021-02-22 17:57:09'),
	(333,'The Kraken Black Spiced Rum 70cl','0811538013031','The Kraken',2.72,'https://s3.eu-west-1.amazonaws.com/product-data.vme.co/products/images/42fde0ab-20d7-45f7-9449-a635cbebbf22.jpg','2021-02-22 17:58:48'),
	(334,'Method Bathroom Cleaner Eucalyptus Mint 828ml','0817939005224','Method',5.80,'https://s3.eu-west-1.amazonaws.com/product-data.vme.co/products/images/ea631b12-a0af-4a5e-a14b-84c0bb8379c0.jpg','2021-02-22 17:52:46'),
	(335,'Method Daily Shower Ylang Ylang 828ml','0817939005231','Method',8.55,'https://s3.eu-west-1.amazonaws.com/product-data.vme.co/products/images/ee09babe-8224-445a-b41a-880e47a5b337.jpg','2021-02-22 18:02:47'),
	(336,'Zip High Performance Energy Firelighters 30 Cubes','0834554001912','Zip',7.96,'https://s3.eu-west-1.amazonaws.com/product-data.vme.co/products/images/6b2cdcaa-b910-4ed2-88b2-b875e921b9a4.jpg','2021-02-22 17:55:32'),
	(337,'Sunny Jim 80 Big Value Firelighters','0834554005491','Sunny Jim',6.43,'https://s3.eu-west-1.amazonaws.com/product-data.vme.co/products/images/14202e34-6fb0-4f73-bb7d-030ddd9e96b1.jpg','2021-02-22 17:50:01'),
	(338,'Sunny Jim 36 Big Value Firelighters','0834554005583','Sunny Jim',9.84,'https://s3.eu-west-1.amazonaws.com/product-data.vme.co/products/images/04f9e87f-e622-444c-af2a-20e82e1e44b7.jpg','2021-02-22 17:50:18'),
	(339,'Sunny Jim 60 Big Value Firelighters','0834554005590','Sunny Jim',7.88,'https://s3.eu-west-1.amazonaws.com/product-data.vme.co/products/images/98eca452-eddf-42ce-ac0e-c00232e390dd.jpg','2021-02-22 17:50:19'),
	(340,'Zip Fast & Clean Wrapped Firelighters 16 Cubes','0834554005668','Zip',9.36,'https://s3.eu-west-1.amazonaws.com/product-data.vme.co/products/images/5f8345ea-e456-4998-9a79-0a2c97fae2ed.jpg','2021-02-22 17:55:33'),
	(341,'Zip Firelog 1 Log','0834554007006','Zip',1.70,'https://s3.eu-west-1.amazonaws.com/product-data.vme.co/products/images/9696cba9-7118-4d19-be2c-eaab76665164.jpg','2021-02-22 17:59:57'),
	(342,'Ogio Pinot Grigio 75cl','0839728001699','Ogio',9.23,'https://s3.eu-west-1.amazonaws.com/product-data.vme.co/products/images/ee8e04d3-ca22-4a9d-b7f7-6362d59d1ca6.jpg','2021-02-22 17:58:04'),
	(343,'Ogio Pinot Grigio Rosé 75cl','0839728003570','Ogio',2.93,'https://s3.eu-west-1.amazonaws.com/product-data.vme.co/products/images/80b1b674-c5a4-4cf9-9361-236a3541e29c.jpg','2021-02-22 17:58:03'),
	(344,'Ogio Merlot 75cl','0839728005352','Ogio',2.80,'https://s3.eu-west-1.amazonaws.com/product-data.vme.co/products/images/6899d708-be64-4f9c-a7f6-e72ef08509e2.jpg','2021-02-22 17:58:03'),
	(345,'Southern Comfort Original Liqueur with Whiskey 70cl','1210000101310','Southern Comfort',8.78,'https://s3.eu-west-1.amazonaws.com/product-data.vme.co/products/images/5a04901e-4a59-4a02-9e9e-c85ee810ab7d.jpg','2021-02-22 18:02:10'),
	(346,'Oral-B Complete 5 Way Clean Medium Manual Toothbrush','3014260014155','Oral-B',8.60,'https://s3.eu-west-1.amazonaws.com/product-data.vme.co/products/images/4b111577-74fe-4133-8fa0-46f6a5cfb11a.jpg','2021-02-22 18:01:59'),
	(347,'Gillette SensorExcel Men\'s Razor Blades - 5 Refills','3014260216658','Gillette',1.96,'https://s3.eu-west-1.amazonaws.com/product-data.vme.co/products/images/a7a942f6-921f-4c3b-9936-654007579679.jpg','2021-02-22 17:51:46'),
	(348,'Gillette Mach3 Razor For Men','3014260251147','Gillette',1.78,'https://s3.eu-west-1.amazonaws.com/product-data.vme.co/products/images/03abaa69-0033-478f-bbe8-ec50e31a177a.jpg','2021-02-22 18:01:50'),
	(349,'Nutella Hazelnut and Chocolate Spread Jar 1kg','3017624010701','Nutella',3.71,'https://s3.eu-west-1.amazonaws.com/product-data.vme.co/products/images/7fc94d09-60fe-4019-9c50-5ae2ffadd7b8.jpg','2021-02-22 18:02:48'),
	(350,'D\'Aucy Chopped Spinach 395g','3017800038017','D\'Aucy',3.69,'https://s3.eu-west-1.amazonaws.com/product-data.vme.co/products/images/19907596-338f-404c-8017-271d2132fbe4.jpg','2021-02-22 17:50:14'),
	(351,'D\'Aucy Chick Peas 400g','3017800038390','D\'Aucy',9.06,'https://s3.eu-west-1.amazonaws.com/product-data.vme.co/products/images/1d752c2e-0451-49b9-a89f-54f088459879.jpg','2021-02-22 17:50:16'),
	(352,'D\'Aucy Fine Flageolets 400g','3017800050095','D\'Aucy',9.83,'https://s3.eu-west-1.amazonaws.com/product-data.vme.co/products/images/d07f79c4-f860-4732-bd80-23b620f944fc.jpg','2021-02-22 17:59:03'),
	(353,'D\'Aucy Petits Pois and Baby Carrots 400g','3017800170038','D\'Aucy',9.26,'https://s3.eu-west-1.amazonaws.com/product-data.vme.co/products/images/6435deac-81f8-4052-a921-e9ea02b75ef2.jpg','2021-02-22 17:50:17'),
	(354,'D\'Aucy Mixed Vegetables 400g','3017800194881','D\'Aucy',1.11,'https://s3.eu-west-1.amazonaws.com/product-data.vme.co/products/images/c03847b0-ec2b-4843-8cca-f1b9cb5452a9.jpg','2021-02-22 17:50:27'),
	(355,'D\'Aucy Baby Carrots 400g','3017800194904','D\'Aucy',2.78,'https://s3.eu-west-1.amazonaws.com/product-data.vme.co/products/images/0ff87d05-e05c-4714-b9d0-6c5b9ae4ed56.jpg','2021-02-22 17:50:27'),
	(356,'D\'aucy Ratatouille with Olive Oil 360g','3017800194959','D\'aucy',8.19,'https://s3.eu-west-1.amazonaws.com/product-data.vme.co/products/images/21f701ed-5aaa-4ebe-bdd0-fc3885779f40.jpg','2021-02-22 17:59:03'),
	(357,'D\'Aucy Lentils 400g','3017800194980','D\'Aucy',7.37,'https://s3.eu-west-1.amazonaws.com/product-data.vme.co/products/images/046ab3dc-9cde-4726-ab9e-0f2899465d30.jpg','2021-02-22 17:50:22'),
	(358,'D\'Aucy Brussels Sprouts 400g','3017800200810','D\'Aucy',4.50,'https://s3.eu-west-1.amazonaws.com/product-data.vme.co/products/images/fd4a0878-6047-42aa-961c-acba8dc1f6bb.jpg','2021-02-22 17:50:28'),
	(359,'D\'Aucy Petits Pois in Water 400g','3017800225561','D\'Aucy',5.06,'https://s3.eu-west-1.amazonaws.com/product-data.vme.co/products/images/7029f06c-3f49-4d31-ab25-d9632afdf3b3.jpg','2021-02-22 17:56:40'),
	(360,'D\'Aucy Sliced Carrots 400g','3017800227428','D\'Aucy',4.60,'https://s3.eu-west-1.amazonaws.com/product-data.vme.co/products/images/86696ee0-4f91-4fa7-abf2-8483d87400f8.jpg','2021-02-22 17:58:14'),
	(361,'Milkybar Milk Slice 4 x 26g','3023290001349','Milkybar',1.16,'https://s3.eu-west-1.amazonaws.com/product-data.vme.co/products/images/39e215f9-98e7-469c-a921-cd4be10b28fa.jpg','2021-02-22 17:53:49'),
	(362,'Munch Bunch Squashums Shapes Strawberry & Tropical 6 x 60g','3023290012444','Munch Bunch',2.84,'https://s3.eu-west-1.amazonaws.com/product-data.vme.co/products/images/9d8fa579-5d97-44fb-bc92-1363bab4dfa5.jpg','2021-02-22 17:55:18'),
	(363,'Nesquik Choc Pots 6 x 55g (330g)','3023290044919','Nesquik',6.17,'https://s3.eu-west-1.amazonaws.com/product-data.vme.co/products/images/95562078-7166-4c11-880c-aee3515fa42e.jpg','2021-02-22 17:57:18'),
	(364,'Milkybar Little Treats 6 x 55g (330g)','3023290044940','Milkybar',3.20,'https://s3.eu-west-1.amazonaws.com/product-data.vme.co/products/images/08613db0-0c2b-4aae-bd1e-860767c9e8d1.jpg','2021-02-22 17:57:18'),
	(365,'Aero Peppermint Chocolate Mousse 4x58g','3023290207864','Aero',2.34,'https://s3.eu-west-1.amazonaws.com/product-data.vme.co/products/images/a4aff600-52f3-4953-9cc1-993b03f1fcc6.jpg','2021-02-22 17:54:01'),
	(366,'Nestlé KitKat Vanilla Yogurt with Kit Kat Pop Choc 115g','3023290330579','KitKat',1.03,'https://s3.eu-west-1.amazonaws.com/product-data.vme.co/products/images/84c09f24-ab11-44df-8125-99c8ea2a1606.jpg','2021-02-22 17:54:06'),
	(367,'Munch Bunch Double Up Fromage Frais Strawberry Vanilla 4 x 85g (340g)','3023290453674','Munch Bunch',4.39,'https://s3.eu-west-1.amazonaws.com/product-data.vme.co/products/images/dd23b204-515b-466d-870f-8571719a6ad7.jpg','2021-02-22 17:53:41'),
	(368,'Munch Bunch Double Up Fromage Frais Strawberry Raspberry 4 x 85g (340g)','3023290453926','Munch Bunch',2.56,'https://s3.eu-west-1.amazonaws.com/product-data.vme.co/products/images/ac91df9e-34f3-4123-8e09-0d362ee285dd.jpg','2021-02-22 17:53:44'),
	(369,'Ski Mousse Lemon Mousse & Meringue Style Sauce 4 x 60g (240g)','3023290453971','Ski',6.70,'https://s3.eu-west-1.amazonaws.com/product-data.vme.co/products/images/9405c2aa-5653-4cf8-9bb8-4218b302bacd.jpg','2021-02-22 17:52:36'),
	(370,'Rolo Milk Chocolate & Toffee Dessert 2x70g','3023290470879','Rolo',7.27,'https://s3.eu-west-1.amazonaws.com/product-data.vme.co/products/images/95236c24-1432-4004-802c-1d28d63dfe2a.jpg','2021-02-22 17:53:49'),
	(371,'Aero Milk Chocolate Mousse 4x59g','3023290624012','Aero',6.11,'https://s3.eu-west-1.amazonaws.com/product-data.vme.co/products/images/ae311c5f-78eb-4162-8c70-2957dfa83055.jpg','2021-02-22 17:53:56'),
	(372,'Munch Bunch Fromage Frais 252g (6x42g)','3023299624051','Munch Bunch',4.93,'https://s3.eu-west-1.amazonaws.com/product-data.vme.co/products/images/e6397198-804e-466b-a5fb-a9d91632b7d9.jpg','2021-02-22 17:58:33'),
	(373,'Rémy Martin VSOP Cognac Fine Champagne 70cl','3024482270123','Rémy Martin',8.15,'https://s3.eu-west-1.amazonaws.com/product-data.vme.co/products/images/acf78287-3fa7-4fd3-822c-6b0e3fac1200.jpg','2021-02-22 17:59:01'),
	(374,'Cointreau Orange Liqueur Triple Sec 50cl','3035542011365','Cointreau',5.83,'https://s3.eu-west-1.amazonaws.com/product-data.vme.co/products/images/505c2af1-379e-44b7-87f3-fe1db75c964b.jpg','2021-02-22 18:05:39'),
	(375,'Cow & Gate Banana Wholegrain Porridge Baby Cereal 200g','3041091431790','Cow & Gate',1.33,'https://s3.eu-west-1.amazonaws.com/product-data.vme.co/products/images/a5d4ccd0-fa7a-438b-981b-d2691072e934.jpg','2021-02-22 17:56:42'),
	(376,'Bonne Maman Strawberry Jam 370g','3045320094008','Bonne Maman',7.24,'https://s3.eu-west-1.amazonaws.com/product-data.vme.co/products/images/e444b2bf-eba3-4b5b-9d5c-a6986363cc09.jpg','2021-02-22 17:54:15'),
	(377,'Bonne Maman Apricot Jam 370g','3045320094022','Bonne Maman',6.02,'https://s3.eu-west-1.amazonaws.com/product-data.vme.co/products/images/2f4e6275-6c70-434f-a758-d4ac872508db.jpg','2021-02-22 17:54:15'),
	(378,'Bonne Maman Bitter Orange Fine Shred Marmalade 370g','3045320094053','Bonne Maman',7.53,'https://s3.eu-west-1.amazonaws.com/product-data.vme.co/products/images/6770ff28-4347-4b79-9e5e-2d422d80d2c3.jpg','2021-02-22 17:54:15'),
	(379,'Bonne Maman Raspberry Jam 370g','3045320094084','Bonne Maman',5.07,'https://s3.eu-west-1.amazonaws.com/product-data.vme.co/products/images/badcfaa5-9482-45d9-9d0f-a807cae29f72.jpg','2021-02-22 17:54:15'),
	(380,'Lindt Lindor Milk Bar 100g','3046920021005','Lindt',1.95,'https://s3.eu-west-1.amazonaws.com/product-data.vme.co/products/images/441ee724-b776-46d9-94c9-7d233e91d96e.jpg','2021-02-22 17:55:23'),
	(381,'Lindt Excellence Dark Caramel and Sea Salt Chocolate Bar 100g','3046920027281','Lindt',3.38,'https://s3.eu-west-1.amazonaws.com/product-data.vme.co/products/images/f3f8832c-1a10-4c90-af3d-898586583b60.jpg','2021-02-22 17:55:32'),
	(382,'Lindt Excellence Dark Mint Chocolate Bar 100g','3046920028752','Lindt',5.23,'https://s3.eu-west-1.amazonaws.com/product-data.vme.co/products/images/db9b2cd7-feef-4b62-9a3d-49fb9111eb7e.jpg','2021-02-22 17:55:32'),
	(383,'Lindt Excellence Dark Sea Salt Chocolate Bar 100g','3046920029674','Lindt',2.39,'https://s3.eu-west-1.amazonaws.com/product-data.vme.co/products/images/07229ccb-d233-4223-9a5e-e4051fb4c8f9.jpg','2021-02-22 17:55:32'),
	(384,'Lindt Excellence Intense Dark 90% Cocoa Chocolate Bar 100g','3046920029759','Lindt',4.86,'https://s3.eu-west-1.amazonaws.com/product-data.vme.co/products/images/99bbc404-8209-4670-a4c3-f54a9f3c9152.jpg','2021-02-22 17:55:32'),
	(385,'Pernod Aniseed Liqueur 70cl','3047100090316','Pernod',7.06,'https://s3.eu-west-1.amazonaws.com/product-data.vme.co/products/images/c074f6ad-079a-4e30-b21a-9efda40c9c0a.jpg','2021-02-22 17:53:00'),
	(386,'Courvoisier VS Cognac Brandy 70cl','3049197110076','Courvoisier',3.97,'https://s3.eu-west-1.amazonaws.com/product-data.vme.co/products/images/a178accc-ea37-4542-8a5a-960af014486e.jpg','2021-02-22 18:01:05'),
	(387,'Courvoisier VS Cognac Brandy 35cl','3049197110151','Courvoisier',2.73,'https://s3.eu-west-1.amazonaws.com/product-data.vme.co/products/images/4cde10b0-08b9-467a-8828-84e37773f58a.jpg','2021-02-22 18:01:04'),
	(388,'Veuve Clicquot Yellow Label Brut Champagne 75cl','3049610004104','Veuve Clicquot',5.63,'https://s3.eu-west-1.amazonaws.com/product-data.vme.co/products/images/85b61ba1-28f1-45a4-9b91-2283427e4f2a.jpg','2021-02-22 17:51:26'),
	(389,'Bollinger Special Cuvee Champagne NV 75cl','3052853075909','Bollinger',7.65,'https://s3.eu-west-1.amazonaws.com/product-data.vme.co/products/images/fe0f3c88-1743-4e92-bb27-335b3ab67289.jpg','2021-02-22 17:50:24'),
	(390,'Volvic Natural Mineral Water 1.5L','3057640100178','Volvic',4.74,'https://s3.eu-west-1.amazonaws.com/product-data.vme.co/products/images/928f8e79-2624-43bf-bd26-5c257823922e.jpg','2021-02-22 17:59:17'),
	(391,'Volvic Natural Mineral Water 500ml','3057640100673','Volvic',4.03,'https://s3.eu-west-1.amazonaws.com/product-data.vme.co/products/images/d830242d-be38-4060-bde2-1bc72030f21e.jpg','2021-02-22 17:59:29'),
	(392,'Volvic Natural Mineral Water 1L','3057640136993','Volvic',4.92,'https://s3.eu-west-1.amazonaws.com/product-data.vme.co/products/images/2bf99b75-32bb-4ad6-a85d-bfc9e837dbb8.jpg','2021-02-22 17:59:16'),
	(393,'Volvic Sparkling Carbonated Natural Mineral Water 1.5L','3057640227738','Volvic',3.32,'https://s3.eu-west-1.amazonaws.com/product-data.vme.co/products/images/cad07b38-1142-4ebd-973a-82edab893b0f.jpg','2021-02-22 17:59:17'),
	(394,'Volvic Touch of Fruit Sugar Free Lemon & Lime Natural Flavoured Water 1.5L','3057640316098','Volvic',5.94,'https://s3.eu-west-1.amazonaws.com/product-data.vme.co/products/images/ea989208-bb8e-4fa2-b3ce-5ce999919d27.jpg','2021-02-22 17:59:08'),
	(395,'Volvic Touch of Fruit Sugar Free Strawberry Natural Flavoured Water 500ml','3057640319648','Volvic',5.20,'https://s3.eu-west-1.amazonaws.com/product-data.vme.co/products/images/8d80a740-186c-4d2a-892e-e165de8b0281.jpg','2021-02-22 17:57:37'),
	(396,'Volvic Touch of Fruit Low Sugar Strawberry Natural Flavoured Water 500ml','3057640372513','Volvic',2.68,'https://s3.eu-west-1.amazonaws.com/product-data.vme.co/products/images/f794e1be-0d6c-46a6-b667-d93b009b0c2e.jpg','2021-02-22 17:57:37'),
	(397,'Volvic Touch of Fruit Lemon & Lime Flavoured Water 500ml','3057640373183','Volvic',5.43,'https://s3.eu-west-1.amazonaws.com/product-data.vme.co/products/images/c89d3e1f-d760-408b-b470-2355e4ed6c77.jpg','2020-10-06 15:57:12'),
	(398,'Volvic Touch of Fruit Low Sugar Orange & Peach Natural Flavoured Water 500ml','3057640393648','Volvic',8.90,'https://s3.eu-west-1.amazonaws.com/product-data.vme.co/products/images/cc353c00-a876-4399-b7c3-109f1206355b.jpg','2021-02-22 17:57:37'),
	(399,'Volvic Touch of Fruit Sugar Free Watermelon Natural Flavoured Water 1.5L','3057640492983','Volvic',7.59,'https://s3.eu-west-1.amazonaws.com/product-data.vme.co/products/images/f69ed5c2-d0b7-4da1-8efc-78483d8ff012.jpg','2021-02-22 17:59:09'),
	(400,'Volvic Touch of Fruit Sugar Free Summer Fruits Natural Flavoured Water 1.5L','3057640494383','Volvic',2.06,'https://s3.eu-west-1.amazonaws.com/product-data.vme.co/products/images/5ff13764-e4eb-42ba-9b90-a34043ebeec0.jpg','2021-02-22 17:59:08'),
	(401,'Volvic Touch of Fruit Sugar Free Special Edition Mango Passion Natural Flavoured Water 1.5L','3057640535468','Volvic',5.81,'https://s3.eu-west-1.amazonaws.com/product-data.vme.co/products/images/79109f32-adde-4337-822e-c4f60c408f87.jpg','2021-02-22 17:59:09'),
	(402,'Harpic Power Plus Original 750ml','3059941005671','Harpic',6.08,'https://s3.eu-west-1.amazonaws.com/product-data.vme.co/products/images/1fea82a0-cdca-4f3a-9f95-736c65f97e62.jpg','2021-02-22 17:57:25'),
	(403,'Harpic Fresh Power 6 Summer Breeze 39g','3059941008290','Harpic',4.62,'https://s3.eu-west-1.amazonaws.com/product-data.vme.co/products/images/96d13801-4f9a-4e89-8cce-f062b3454519.jpg','2021-02-22 17:50:19'),
	(404,'Air Wick Freshmatic Refill Purple Lavender Meadow 250ml','3059943009080','Air Wick',1.96,'https://s3.eu-west-1.amazonaws.com/product-data.vme.co/products/images/513ddbe6-77d0-4ce2-a4ee-59fdd067cee4.jpg','2021-02-22 18:05:13'),
	(405,'Pedigree Adult Wet Dog Food Pouches Mixed in Gravy 12 x 100g','3065890123878','Pedigree',3.26,'https://s3.eu-west-1.amazonaws.com/product-data.vme.co/products/images/adcf1034-2d21-4e9b-98d3-43004951d0b5.jpg','2021-02-22 18:04:51'),
	(406,'Pedigree Adult Wet Dog Food Pouches Mixed Selection in Jelly 12 x 100g','3065890123892','Pedigree',6.99,'https://s3.eu-west-1.amazonaws.com/product-data.vme.co/products/images/d27d75ef-9dd3-47f4-9576-cf7b4ee3b46a.jpg','2021-02-22 18:04:51'),
	(407,'Pedigree Adult Wet Dog Food Pouches Mixed in Jelly 24 x 100g','3065890124035','Pedigree',8.38,'https://s3.eu-west-1.amazonaws.com/product-data.vme.co/products/images/c94accfd-4510-47f1-ae5f-5f2293374df7.jpg','2021-02-22 18:03:46'),
	(408,'Crave Natural Grain Free Adult Dog Food Tray Turkey & Chicken in Loaf 300g','3065890142619','Crave',9.85,'https://s3.eu-west-1.amazonaws.com/product-data.vme.co/products/images/67fdd08c-21a6-4e21-9e62-4c6fa9a153cd.jpg','2021-02-22 18:03:04'),
	(409,'Crave Natural Grain Free Adult Dog Food Tray Turkey & Salmon in Loaf 300g','3065890142633','Crave',4.23,'https://s3.eu-west-1.amazonaws.com/product-data.vme.co/products/images/bf0759d4-3752-4a21-8ad3-57f16c36ed59.jpg','2021-02-22 18:03:05'),
	(410,'Whiskas Adult Wet Cat Food Pouches Chicken in Jelly 100g PMP 3 for £1.19','3065890142862','Whiskas',7.34,'https://s3.eu-west-1.amazonaws.com/product-data.vme.co/products/images/b62429bd-50c0-498a-8563-ddecca482a16.jpg','2021-02-22 18:05:00'),
	(411,'Whiskas Senior Wet Cat Food Pouches Chicken in Gravy 100g PMP 3 for £1.19','3065890142909','Whiskas',2.51,'https://s3.eu-west-1.amazonaws.com/product-data.vme.co/products/images/8208cfe1-6982-4f76-b105-d0b2aad148e8.jpg','2021-02-22 18:05:02'),
	(412,'evian Still Natural Mineral Water 500ml','3068320055008','evian',1.08,'https://s3.eu-west-1.amazonaws.com/product-data.vme.co/products/images/92fbd397-cdfb-41d3-a71c-0f171f04d9b7.jpg','2021-02-22 18:04:44'),
	(413,'evian Still Natural Mineral Water 6 x 500ml','3068320055022','evian',1.16,'https://s3.eu-west-1.amazonaws.com/product-data.vme.co/products/images/f6c4b236-881a-4a12-8dbc-7cccf8b727cb.jpg','2021-02-22 17:59:08'),
	(414,'evian Still Natural Mineral Water 33cl','3068320063003','evian',2.49,'https://s3.eu-west-1.amazonaws.com/product-data.vme.co/products/images/8c8070ee-83ed-4953-ba31-eb3a8544166d.jpg','2021-02-22 17:59:26'),
	(415,'evian Still Natural Mineral Water 1.5L','3068320084602','evian',2.91,'https://s3.eu-west-1.amazonaws.com/product-data.vme.co/products/images/c4c83267-e709-4516-9adf-83db6ae8d8ca.jpg','2021-02-22 17:59:36'),
	(416,'The Laughing Cow Light Spread Cheese 8 Triangles 140g','3073780689014','The Laughing Cow',9.93,'https://s3.eu-west-1.amazonaws.com/product-data.vme.co/products/images/67e1d0d4-fc35-40f1-b207-71a5cfab9e33.jpg','2021-02-22 18:03:46'),
	(417,'The Laughing Cow Original 8 Creamy Triangles Cheese Spread 140g','3073780774130','The Laughing Cow',7.56,'https://s3.eu-west-1.amazonaws.com/product-data.vme.co/products/images/7d20cde8-c0f3-4dbd-8cf1-0abfe6e7f57a.jpg','2021-02-22 18:03:46'),
	(418,'Mini Babybel Original Cheese Snacks 6 x 20g','3073780828628','Mini Babybel',6.83,'https://s3.eu-west-1.amazonaws.com/product-data.vme.co/products/images/ac17e8d5-720f-4460-b2c7-8faced19ac70.jpg','2021-02-22 18:04:27'),
	(419,'Mini Babybel Light Cheese Snacks 6 x 20g','3073780828642','Mini Babybel',3.06,'https://s3.eu-west-1.amazonaws.com/product-data.vme.co/products/images/41ecd9bf-7b89-4846-85e4-ddd112ee3d84.jpg','2021-02-22 18:00:23'),
	(420,'Port Salut Traditional French Cheese 185g','3073780865661','Port Salut',2.34,'https://s3.eu-west-1.amazonaws.com/product-data.vme.co/products/images/be537ed6-2dc8-49e0-9d9f-3fbc06165b67.jpg','2021-02-22 18:00:23'),
	(421,'The Laughing Cow Extra Light Spread Cheese 8 Triangles 140g','3073780914338','The Laughing Cow',4.20,'https://s3.eu-west-1.amazonaws.com/product-data.vme.co/products/images/47cabc56-e125-430b-bae9-af7fdbeec999.jpg','2021-02-22 18:03:47'),
	(422,'Leerdammer Original Dutch Cheese Block 225g','3073780997027','Leerdammer',5.17,'https://s3.eu-west-1.amazonaws.com/product-data.vme.co/products/images/c620852f-d594-41fc-b7bc-4401637bc7e8.jpg','2021-02-22 18:00:24'),
	(423,'Leerdammer Original Dutch Cheese 8 Slices 160g','3073781011432','Leerdammer',6.74,'https://s3.eu-west-1.amazonaws.com/product-data.vme.co/products/images/378593df-199c-460e-b517-d810da6768b5.jpg','2021-02-22 18:00:24'),
	(424,'Leerdammer Light Dutch Cheese 8 Slices 160g','3073781011456','Leerdammer',6.51,'https://s3.eu-west-1.amazonaws.com/product-data.vme.co/products/images/813831fb-96ca-4ff3-a55f-fd47ecadfda1.jpg','2021-02-22 18:00:24'),
	(425,'The Laughing Cow Light Blue Cheese Spread 8 Triangles 128g','3073781031072','The Laughing Cow',2.23,'https://s3.eu-west-1.amazonaws.com/product-data.vme.co/products/images/01f1b03b-b8a8-48db-9778-bba2c204176b.jpg','2021-02-22 18:03:47'),
	(426,'The Laughing Cow Dip & Crunch Original Snack Cheese 4 x 35g','3073781048124','The Laughing Cow',6.19,'https://s3.eu-west-1.amazonaws.com/product-data.vme.co/products/images/57b67f5e-93c2-4c75-b4bb-dd0a122a332b.jpg','2021-02-22 18:00:23'),
	(427,'Mini Babybel Miniroll Cheese Snacks 5 x 17g','3073781067057','Babybel',9.26,'https://s3.eu-west-1.amazonaws.com/product-data.vme.co/products/images/b59bb068-9e4b-4ef3-a81e-b31bed083b79.jpg','2021-02-22 18:04:27'),
	(428,'Crespo Pitted Black Olives in Brine 198g','3076820006062','Crespo',4.28,'https://s3.eu-west-1.amazonaws.com/product-data.vme.co/products/images/a7f98c50-dd5f-421a-b75b-a362f8f0d274.jpg','2021-02-22 17:49:58'),
	(429,'Crespo Capers in Salted Water 198g','3076820010472','Crespo',7.03,'https://s3.eu-west-1.amazonaws.com/product-data.vme.co/products/images/a0063b71-f4bc-4125-92c6-b1ca5f118a08.jpg','2021-02-22 17:54:12'),
	(430,'Crespo Pitted Green Olives in Brine 198g','3076820016238','Crespo',1.82,'https://s3.eu-west-1.amazonaws.com/product-data.vme.co/products/images/33a2f3ee-4997-4308-9674-07cb193a437d.jpg','2021-02-22 17:49:46'),
	(431,'Crespo Green Olives Stuffed with Pimiento Paste in Brine 198g','3076826666352','Crespo',3.56,'https://s3.eu-west-1.amazonaws.com/product-data.vme.co/products/images/91f4c8d1-1766-4b29-b8d2-30ccc23887c4.jpg','2021-02-22 17:49:58'),
	(432,'BIC Cristal Original Ballpoint Pens Medium Point (1.0 mm) - Blue Pack of 4','3086121601019','BIC',4.88,'https://s3.eu-west-1.amazonaws.com/product-data.vme.co/products/images/3786fd3e-081f-4cad-b93a-811f194aadae.jpg','2021-02-22 18:05:08'),
	(433,'BIC 4 Colours Original','3086121601613','BIC',9.52,'https://s3.eu-west-1.amazonaws.com/product-data.vme.co/products/images/aa873dbd-f530-47ca-b0cf-7d8cbe3ad5ba.jpg','2021-02-22 18:05:09'),
	(434,'Calgon 3in1 Power Gel Water Softener 750ml','3141360050001','Calgon',1.76,'https://s3.eu-west-1.amazonaws.com/product-data.vme.co/products/images/7a4e1d6f-3ea9-47f4-a6f9-5ec8392bf8b2.jpg','2021-02-22 18:05:32'),
	(435,'HERTA Jumbo Frankfurter Hot Dogs 4 Pack 360g','3154230037491','HERTA',3.06,'https://s3.eu-west-1.amazonaws.com/product-data.vme.co/products/images/c2ca0ba5-439c-4a4e-82a7-b265dece7484.jpg','2021-02-22 17:52:39'),
	(436,'HERTA Classics Frankfurter Hot Dogs 10 Pack 350g','3154230045984','HERTA',7.52,'https://s3.eu-west-1.amazonaws.com/product-data.vme.co/products/images/f2fbe7b0-84df-49ce-87bf-999c154111b1.jpg','2021-02-22 17:52:39'),
	(437,'Herta 4 Classic Frankfurters Hot Dogs 140g','3154230049036','Herta',6.39,'https://s3.eu-west-1.amazonaws.com/product-data.vme.co/products/images/d2e1ea4e-9736-4a01-a6eb-85ab2517baba.jpg','2021-02-22 17:52:39'),
	(438,'Président French Slightly Salted Spreadable 250g','3155250361825','Président',4.69,'https://s3.eu-west-1.amazonaws.com/product-data.vme.co/products/images/8dca53fd-3298-4748-b209-3b4d598c3864.jpg','2021-02-22 18:00:05'),
	(439,'Calvet Limited Release Sauvignon Blanc 75cl','3159560012262','Calvet',8.51,'https://s3.eu-west-1.amazonaws.com/product-data.vme.co/products/images/8b78dd29-294d-4ee8-b42d-21f61ff9cfff.jpg','2021-02-22 17:56:12'),
	(440,'Calvet Château Chataigniere Bordeaux 75cl','3159560013405','Calvet',5.26,'https://s3.eu-west-1.amazonaws.com/product-data.vme.co/products/images/64783bdf-6330-4e18-8e47-ecf685c77b87.jpg','2021-02-22 17:50:04'),
	(441,'Calvet Côtes du Rhône Reserve 75cl','3159560546002','Calvet',8.03,'https://s3.eu-west-1.amazonaws.com/product-data.vme.co/products/images/aa5ed473-2f12-4b44-8ddd-5b8e14221841.jpg','2021-02-22 17:50:54'),
	(442,'Calvet Rosé D\'Anjou 75cl','3159560595000','Calvet',6.23,'https://s3.eu-west-1.amazonaws.com/product-data.vme.co/products/images/f59630b3-329b-4c07-8f52-e8c3eaea9827.jpg','2020-10-06 15:56:15'),
	(443,'Calvet Sancerre 75cl','3159560604948','Calvet',2.08,'https://s3.eu-west-1.amazonaws.com/product-data.vme.co/products/images/a9670119-5211-4c49-ad2d-71b95830fa27.jpg','2021-02-22 17:50:03'),
	(444,'Calvet Chablis 75cl','3159560700077','Calvet',3.04,'https://s3.eu-west-1.amazonaws.com/product-data.vme.co/products/images/c3dd6e63-667b-4839-981a-d9df364ee4de.jpg','2020-10-06 15:56:26'),
	(445,'Boursin Garlic & Herbs Soft French Cheese 150g','3175460000017','Boursin',5.65,'https://s3.eu-west-1.amazonaws.com/product-data.vme.co/products/images/5fb1bb4e-33cc-4fa7-98d6-f5f4eefa2a97.jpg','2021-02-22 18:03:58'),
	(446,'Boursin Black Pepper Soft French Cheese 150g','3175460000062','Boursin',4.13,'https://s3.eu-west-1.amazonaws.com/product-data.vme.co/products/images/10b4583b-1161-43bc-8cbb-da7b210b73e0.jpg','2021-02-22 18:00:24'),
	(447,'Calvet Vouvray Beau Rocher 75cl','3176780029061','Calvet',4.86,'https://s3.eu-west-1.amazonaws.com/product-data.vme.co/products/images/fced1667-d894-4e63-b3aa-4aad5343805a.jpg','2020-10-06 15:56:33'),
	(448,'Calvet Touraine Sauvignon Blanc 75cl','3176780030722','Calvet',3.41,'https://s3.eu-west-1.amazonaws.com/product-data.vme.co/products/images/f302527d-38c5-4685-8f8c-d99035ddd571.jpg','2021-02-22 17:50:15'),
	(449,'Calvet Pouilly Fumé 75cl','3176780032733','Calvet',7.21,'https://s3.eu-west-1.amazonaws.com/product-data.vme.co/products/images/85f20d44-4b6e-4f5e-b9bc-48f108786214.jpg','2020-10-06 15:55:38'),
	(450,'Calvet Muscadet 75cl','3176780036083','Calvet',5.06,'https://s3.eu-west-1.amazonaws.com/product-data.vme.co/products/images/ec5be860-38f1-4a8e-b57b-772ec867de31.jpg','2021-02-22 17:54:30'),
	(451,'Bonne Maman Madeleine 175g','3178530407983','Bonne Maman',3.54,'https://s3.eu-west-1.amazonaws.com/product-data.vme.co/products/images/aa6d5fdb-7c28-48c9-bf42-c56310a9e4bd.jpg','2021-02-22 17:52:30'),
	(452,'Bonne Maman Madeleines with Lemon 175g','3178530414448','Bonne Maman',9.78,'https://s3.eu-west-1.amazonaws.com/product-data.vme.co/products/images/c4074a11-3b28-41eb-a8df-b5384ceaec76.jpg','2021-02-22 17:51:30'),
	(453,'Moët & Chandon Impérial Brut Champagne 75cl','3185370000335','Moët & Chandon',6.18,'https://s3.eu-west-1.amazonaws.com/product-data.vme.co/products/images/9fb5d8d7-ada7-407e-8515-902bc9a98397.jpg','2021-02-22 17:51:23'),
	(454,'Martell VS Fine Cognac 70cl','3219820000078','Martell',7.74,'https://s3.eu-west-1.amazonaws.com/product-data.vme.co/products/images/cbff00a0-d54d-47f5-ba6b-308a7d474f5c.jpg','2021-02-22 17:52:43'),
	(455,'Martell VS Fine Cognac 35cl','3219820000115','Martell',9.70,'https://s3.eu-west-1.amazonaws.com/product-data.vme.co/products/images/41b9917c-99f8-4bb4-bf7f-4fb60eff2ad6.jpg','2021-02-22 17:52:43'),
	(456,'Président French Brie Cheese 200g','3228020232028','Président',4.74,'https://s3.eu-west-1.amazonaws.com/product-data.vme.co/products/images/8a9bac07-5eeb-4eb5-89c0-4e5c6691b573.jpg','2021-02-22 17:53:47'),
	(457,'Président French Unsalted Butter 250g','3228020481167','Président',4.53,'https://s3.eu-west-1.amazonaws.com/product-data.vme.co/products/images/dbb606ce-2f3c-4d97-8c56-bf47dd59d181.jpg','2021-02-22 18:00:05'),
	(458,'Président Emmental Cheese 10 Slices 200g','3228021950280','Président',1.84,'https://s3.eu-west-1.amazonaws.com/product-data.vme.co/products/images/7caefec9-5577-420d-8b7f-6989666a8f4b.jpg','2021-02-22 17:53:47'),
	(459,'Président French Slightly Salted Butter 250g','3228023050353','Président',7.81,'https://s3.eu-west-1.amazonaws.com/product-data.vme.co/products/images/337cb24e-1cfd-4ac6-bea5-30682eb553f7.jpg','2021-02-22 18:00:05'),
	(460,'Président Finely Grated Emmental Cheese 200g','3228023910107','Président',3.00,'https://s3.eu-west-1.amazonaws.com/product-data.vme.co/products/images/7835d9ed-897c-4957-bdb1-5bab614c9d14.jpg','2021-02-22 17:53:48'),
	(461,'Président Crème de Brie Cheese Spread 125g','3228024070282','Président',4.01,'https://s3.eu-west-1.amazonaws.com/product-data.vme.co/products/images/dce884e6-99a2-4e3a-bda3-8ced5dc36a7b.jpg','2021-02-22 18:04:59'),
	(462,'Jan Jac Crème Caramel 4 x 100g (400g)','3252215102032','Jan Jac',3.80,'https://s3.eu-west-1.amazonaws.com/product-data.vme.co/products/images/56348240-ebd0-4306-bd65-9cfcb6a888a7.jpg','2021-02-22 17:52:09'),
	(463,'Green Giant Original Sweetcorn 4 x 198g','3254474000203','Green Giant',3.83,'https://s3.eu-west-1.amazonaws.com/product-data.vme.co/products/images/c009b1fd-cb97-46b8-b59b-d5fc9af5c132.jpg','2021-02-22 17:54:29'),
	(464,'Green Giant Salt Free Sweetcorn 4 x 198g','3254474009336','Green Giant',2.96,'https://s3.eu-west-1.amazonaws.com/product-data.vme.co/products/images/da0ea74c-81c9-40bd-8726-25b22ee68fd6.jpg','2021-02-22 17:54:29'),
	(465,'Les Brioches 6 Pains au Chocolat 6 x 45g (270g)','3256540030794','Les Brioches',3.80,'https://s3.eu-west-1.amazonaws.com/product-data.vme.co/products/images/6dab86aa-ab42-4186-a690-21eeec386e1b.jpg','2021-02-22 18:04:55'),
	(466,'Heidsieck & Co Monopole Blue Top Brut Champagne 750ml','3256930103817','Heidsieck & Co',8.29,'https://s3.eu-west-1.amazonaws.com/product-data.vme.co/products/images/759e879a-6c43-4eef-9511-fcc3e9d584a4.jpg','2021-02-22 17:50:41'),
	(467,'JP. Chenet Original Grenache-Cinsault 18.7cl','3263280105262','JP. Chenet',4.02,'https://s3.eu-west-1.amazonaws.com/product-data.vme.co/products/images/674eaeb1-b293-4691-85ac-7df8687b635e.jpg','2020-10-06 15:57:41'),
	(468,'JP. Chenet Original Cabernet-Syrah 750ml','3263286301323','JP. Chenet',7.22,'https://s3.eu-west-1.amazonaws.com/product-data.vme.co/products/images/bd00f91c-24bd-4122-b781-58748bd0569c.jpg','2021-02-22 17:55:56'),
	(469,'JP. Chenet Original Grenache-Cinsault Rosé 750ml','3263286301385','JP. Chenet',5.81,'https://s3.eu-west-1.amazonaws.com/product-data.vme.co/products/images/c6b0ba2c-b6bf-4fe2-be84-8cfb5d19f816.jpg','2021-02-22 17:51:19'),
	(470,'JP. Chenet Original Colombard-Chardonnay 750ml','3263286346683','JP. Chenet',9.90,'https://s3.eu-west-1.amazonaws.com/product-data.vme.co/products/images/b586621a-a5c7-4e24-8036-d5390c7d9b1c.jpg','2020-10-06 15:56:51'),
	(471,'JP. Chenet Original Colombard-Chardonnay 18.7cl','3263286350598','JP. Chenet',5.49,'https://s3.eu-west-1.amazonaws.com/product-data.vme.co/products/images/0c71384a-273f-4fd3-b345-3a3c37f7aec0.jpg','2021-02-22 17:51:20'),
	(472,'J.P. Chenet Merlot 18.7cl','3263286350604','J.P. Chenet',6.04,'https://s3.eu-west-1.amazonaws.com/product-data.vme.co/products/images/90eb436a-5506-4c29-b38e-bf98f3287555.jpg','2021-02-22 17:50:24'),
	(473,'Extreme Chocolate Brownies & Cream Ice Cream Cones 4 x 115ml','3274664147600','Extrême',3.90,'https://s3.eu-west-1.amazonaws.com/product-data.vme.co/products/images/0413397e-575f-4229-8f32-b99560bdad6d.jpg','2021-02-22 17:58:40'),
	(474,'Florette Sweet & Crunchy 250g','3280220310005','Florette',6.57,'https://s3.eu-west-1.amazonaws.com/product-data.vme.co/products/images/bf086869-ea69-4296-80d2-a895a05c49d8.jpg','2021-02-22 17:58:01'),
	(475,'Florette Baby Leaf 100g','3280220506972','Florette',3.53,'https://s3.eu-west-1.amazonaws.com/product-data.vme.co/products/images/97e9ae27-50fe-4e3d-9d29-654901334b69.jpg','2021-02-22 17:58:01'),
	(476,'Florette Crunchy Side Salad 220g','3280223101068','Florette',7.88,'https://s3.eu-west-1.amazonaws.com/product-data.vme.co/products/images/f9544815-9032-472f-a29f-6f6894721bea.jpg','2021-02-22 17:58:08'),
	(477,'La Vieille Ferme 750ml','3296180000047','La Vieille Ferme',5.23,'https://s3.eu-west-1.amazonaws.com/product-data.vme.co/products/images/d8a95c25-3239-481f-8d39-802b1f4dd115.jpg','2021-02-22 18:01:42'),
	(478,'La Vieille Ferme 750ml','3296180005387','La Vieille Ferme',3.55,'https://s3.eu-west-1.amazonaws.com/product-data.vme.co/products/images/c2791eff-8a7a-46e0-9581-cf26e86bc9cc.jpg','2021-02-22 18:01:43'),
	(479,'Wildlife Strawberry and Peach Fromage Frais 6 x 45g','3329770006980','Wildlife',8.96,'https://s3.eu-west-1.amazonaws.com/product-data.vme.co/products/images/abf4b302-f117-4fa0-ba07-3ce6eedb8d09.jpg','2021-01-07 14:22:27'),
	(480,'Yop Strawberry Flavour Drinking Yogurt 500g','3329770014497','Yop',9.94,'https://s3.eu-west-1.amazonaws.com/product-data.vme.co/products/images/b2715b2a-6297-4f03-8a21-fef47e14c497.jpg','2021-02-22 17:58:27'),
	(481,'Yop Raspberry Flavour Drinking Yogurt 500g','3329770014503','Yop',8.97,'https://s3.eu-west-1.amazonaws.com/product-data.vme.co/products/images/ecbbe6aa-2b45-471d-bf65-4e180a7ef688.jpg','2021-02-22 17:58:27'),
	(482,'Peppa Pig Strawberry Fromage Frais 6 x 45g (270g)','3329770043633','Peppa Pig',3.64,'https://s3.eu-west-1.amazonaws.com/product-data.vme.co/products/images/0280cc0e-5e7f-4117-8ca5-a0d87f852324.jpg','2021-02-22 17:53:35'),
	(483,'Petits Filous Strawberry and Raspberry Fromage Frais 2x47g','3329770051539','Petits Filous',3.67,'https://s3.eu-west-1.amazonaws.com/product-data.vme.co/products/images/c5a912a3-ae80-453f-84c0-72b17a45a386.jpg','2021-02-22 18:04:14'),
	(484,'Petits Filous Strawberry and Apricot Fromage Frais 6 x 47g (282g)','3329770051553','Petits Filous',6.23,'https://s3.eu-west-1.amazonaws.com/product-data.vme.co/products/images/a162012d-f99b-4800-bc00-4b27b6612ad8.jpg','2021-02-22 18:04:14'),
	(485,'Petits Filous Big Pots Strawberry and Apricot Fromage Frais 4 x 85g (340g)','3329770051577','Petits Filous',9.35,'https://s3.eu-west-1.amazonaws.com/product-data.vme.co/products/images/99c10419-7a8b-4c3c-8cb3-637cc57570a1.jpg','2021-02-22 18:04:14'),
	(486,'Petits Filous Big Pots Strawberry and Raspberry Fromage Frais 4 x 85g (340g)','3329770051584','Petits Filous',3.82,'https://s3.eu-west-1.amazonaws.com/product-data.vme.co/products/images/4176b61a-20b0-48af-8063-abd6ad98965c.jpg','2021-02-22 18:04:15'),
	(487,'Frubes Strawberry Red Berry and Peach Flavour Tubes 9 x 37g (333g)','3329770062467','Frubes',8.34,'https://s3.eu-west-1.amazonaws.com/product-data.vme.co/products/images/b1d8d9aa-1aef-4ff0-a2cf-2f337fab3597.jpg','2021-02-22 18:03:35'),
	(488,'Frubes Strawberry and Banana Flavour Yogurt Tubes 9 x 37g (333g)','3329770062474','Frubes',5.51,'https://s3.eu-west-1.amazonaws.com/product-data.vme.co/products/images/ebd5fc0e-a76d-4133-8d4f-d17cde25827c.jpg','2021-02-22 18:00:50'),
	(489,'Frubes Yogurt Tubes Strawberry Flavour 9 x 37g (333g)','3329770062481','Frubes',5.67,'https://s3.eu-west-1.amazonaws.com/product-data.vme.co/products/images/43bfa0f8-9143-4e31-862c-b8c95721f8a9.jpg','2021-02-22 18:00:50'),
	(490,'Wildlife Choobs Strawberry Raspberry and Apricot Flavour Yogurt Tubes 6 x 37g PMP','3329770062528','Wildlife',6.49,'https://s3.eu-west-1.amazonaws.com/product-data.vme.co/products/images/79a649f6-1897-4843-96fb-2cd90f09015d.jpg','2021-02-22 17:53:35'),
	(491,'Wildlife Choobs Strawberry Flavour Yogurt Tubes 6 x 37g','3329770062535','Wildlife',3.14,'https://s3.eu-west-1.amazonaws.com/product-data.vme.co/products/images/452e6a22-5656-4544-bc3c-2e100e190026.jpg','2021-02-22 17:53:35'),
	(492,'Petits Filous Chocolate and Vanilla Dairy Desserts 6 x 50g','3329770062566','Petits Filous',5.38,'https://s3.eu-west-1.amazonaws.com/product-data.vme.co/products/images/61a79e4d-4899-47aa-92b3-9d2e3a66b1b6.jpg','2021-02-22 18:04:14'),
	(493,'Milton Maximum Protection 30 Antibacterial Surface Wipes','3361370018994','Milton',9.69,'https://s3.eu-west-1.amazonaws.com/product-data.vme.co/products/images/83b6b184-d158-483f-bae5-8031cff4ed59.jpg','2021-02-23 08:49:30'),
	(494,'Milton Sterilising Fluid 500ml','3361370037513','Milton',4.21,'https://s3.eu-west-1.amazonaws.com/product-data.vme.co/products/images/3ea5c128-e54f-4719-a447-225fbbde36e9.jpg','2021-02-23 08:49:30'),
	(495,'Häagen-Dazs Vanilla Ice Cream 460ml','3415581101928','Häagen-Dazs',5.67,'https://s3.eu-west-1.amazonaws.com/product-data.vme.co/products/images/52d5ef60-8fdb-46ab-a474-aabb82f2ff2e.jpg','2021-02-22 17:54:10'),
	(496,'Häagen-Dazs Strawberries & Cream Ice Cream 460ml','3415581105926','Häagen-Dazs',3.64,'https://s3.eu-west-1.amazonaws.com/product-data.vme.co/products/images/c805c09a-4ae6-4c9a-a894-5cb6707da7d6.jpg','2021-02-22 17:52:12'),
	(497,'Häagen-Dazs Belgian Chocolate Ice Cream 460ml','3415581113921','Häagen-Dazs',6.22,'https://s3.eu-west-1.amazonaws.com/product-data.vme.co/products/images/d571a7c6-411f-48d8-8a50-0f4f910815a2.jpg','2021-02-22 17:52:12'),
	(498,'Häagen-Dazs Salted Caramel Ice Cream 460ml','3415581114928','Häagen-Dazs',2.89,'https://s3.eu-west-1.amazonaws.com/product-data.vme.co/products/images/ccee12c4-2470-4fc4-bbac-25d6b82dd09d.jpg','2021-02-22 17:54:10'),
	(499,'Häagen-Dazs Cookies & Cream Ice Cream 460ml','3415581152920','Häagen-Dazs',5.09,'https://s3.eu-west-1.amazonaws.com/product-data.vme.co/products/images/f51f34f9-52f6-442f-bf04-bbad8d017e97.jpg','2021-02-22 17:52:12'),
	(500,'Haagen-Dazs Chocolate Minicup Ice Cream Collection 4 x 95ml','3415581508925','Häagen-Dazs',6.32,'https://s3.eu-west-1.amazonaws.com/product-data.vme.co/products/images/8b68d31d-8270-419d-8a40-5e47e48de6ec.jpg','2021-02-22 17:56:32'),
	(501,'Haagen-Dazs Fruit Minicup Ice Cream Collection 4 x 95ml','3415581520927','Häagen-Dazs',8.46,'https://s3.eu-west-1.amazonaws.com/product-data.vme.co/products/images/95c87496-e822-4417-b694-2bf95b5456ee.jpg','2021-02-22 17:56:32');

/*!40000 ALTER TABLE `products` ENABLE KEYS */;
UNLOCK TABLES;



/*!40111 SET SQL_NOTES=@OLD_SQL_NOTES */;
/*!40101 SET SQL_MODE=@OLD_SQL_MODE */;
/*!40014 SET FOREIGN_KEY_CHECKS=@OLD_FOREIGN_KEY_CHECKS */;
/*!40101 SET CHARACTER_SET_CLIENT=@OLD_CHARACTER_SET_CLIENT */;
/*!40101 SET CHARACTER_SET_RESULTS=@OLD_CHARACTER_SET_RESULTS */;
/*!40101 SET COLLATION_CONNECTION=@OLD_COLLATION_CONNECTION */;
